Key,en,en-GB,de,el,es,fr,hr,id,it,ja,ko,ms,nl,pt-PT,th,vi,zh-Hans,zh-Hant,狀態/判斷
,,,,,,,,,,,,,,,,,,,缺繁中
%@ %@,%1$@ %2$@,%1$@ %2$@,%1$@ %2$@,%1$@ %2$@,%1$@ %2$@,%1$@ %2$@,%1$@ %2$@,%1$@ %2$@,%1$@ %2$@,%1$@ %2$@,%1$@ %2$@,%1$@ %2$@,%1$@ %2$@,%1$@ %2$@,%1$@ %2$@,%1$@ %2$@,%1$@ %2$@,%1$@ %2$@,系統組合/格式
"%@, %@","%1$@, %2$@",,,,,,,,,,,,,,,,"%1$@, %2$@","%1$@, %2$@",系統組合/格式
"%@, %@ m, %@","%1$@, %2$@ m, %3$@","%1$@, %2$@ m, %3$@","%1$@, %2$@ m, %3$@","%1$@, %2$@ μ., %3$@","%1$@, %2$@ m, %3$@","%1$@, %2$@ m, %3$@","%1$@, %2$@ m, %3$@","%1$@, %2$@ m, %3$@","%1$@, %2$@ m, %3$@",%1$@、%2$@ m、%3$@,"%1$@, %2$@m, %3$@","%1$@, %2$@ m, %3$@","%1$@, %2$@ m, %3$@","%1$@, %2$@ m, %3$@","%1$@, %2$@ ม., %3$@","%1$@, %2$@ m, %3$@","%1$@, %2$@ m, %3$@","%1$@, %2$@ m, %3$@",系統組合/格式
%@. %@,%1$@. %2$@,%1$@. %2$@,%1$@. %2$@,%1$@. %2$@,%1$@. %2$@,%1$@. %2$@,%1$@. %2$@,%1$@. %2$@,%1$@. %2$@,%1$@. %2$@,%1$@. %2$@,%1$@. %2$@,%1$@. %2$@,%1$@. %2$@,%1$@. %2$@,%1$@. %2$@,%1$@. %2$@,%1$@. %2$@,系統組合/格式
%@: %@,%1$@: %2$@,%1$@: %2$@,%1$@: %2$@,%1$@: %2$@,%1$@: %2$@,%1$@: %2$@,%1$@: %2$@,%1$@: %2$@,%1$@: %2$@,%1$@: %2$@,%1$@: %2$@,%1$@: %2$@,%1$@: %2$@,%1$@: %2$@,%1$@: %2$@,%1$@: %2$@,%1$@: %2$@,%1$@: %2$@,系統組合/格式
%@: %@%@,%1$@: %2$@%3$@,%1$@: %2$@%3$@,%1$@: %2$@%3$@,%1$@: %2$@%3$@,%1$@: %2$@%3$@,%1$@: %2$@%3$@,%1$@: %2$@%3$@,%1$@: %2$@%3$@,%1$@: %2$@%3$@,%1$@: %2$@%3$@,%1$@: %2$@%3$@,%1$@: %2$@%3$@,%1$@: %2$@%3$@,%1$@: %2$@%3$@,%1$@: %2$@%3$@,%1$@: %2$@%3$@,%1$@: %2$@%3$@,%1$@: %2$@%3$@,系統組合/格式
%lld,%lld,%lld,%lld,%lld,%lld,%lld,%lld,%lld,%lld,%lld,%lld,%lld,%lld,%lld,%lld,%lld,%lld,%lld,系統組合/格式
%lld dive%@ imported,%1$lld dive%2$@ imported,%1$lld dive%2$@ imported,%1$lld Tauchgang%2$@ importiert,Εισηγμένη καταγραφή %1$lld %2$@,%1$lld inmersión%2$@ importada,%1$lld plongée%2$@ importée,Uvezeno %1$lld urona%2$@,%1$lld penyelaman%2$@ diimport,%1$lld immersione%2$@ importata,%1$lld 回のダイビング%2$@を読み込みました,%1$lld개의 다이빙%2$@ 가져옴,%1$lld selam%2$@ diimport,%1$lld duik%2$@ geïmporteerd,%1$lld mergulho%2$@ importado,นำเข้า %1$lld ไดฟ์%2$@ แล้ว,Đã nhập %1$lld lần lặn%2$@,已导入 %1$lld 次潜水%2$@,已匯入 %1$lld 次潛水%2$@,系統組合/格式
%lld min,%lld min,%lld min,%lld min,%lld λεπ,%lld min,%lld min,%lld min,%lld menit,%lld min,%lld 分,%lld분,%lld min,%lld min,%lld min,%lld นาที,%lld phút,%lld 分钟,%lld 分鐘,系統組合/格式
%lld skipped (duplicates),%lld skipped (duplicates),%lld skipped (duplicates),%lld übersprungen (Duplikate),%lld παραλείφθηκαν (διπλότυπα),%lld omitida(s) (duplicada),%lld ignorée(s) (doublon),%lld preskočeno (duplikati),%lld dilewati (duplikat),%lld ignorata(e) (duplicato),%lld 件スキップ（重複）,%lld개 건너뜀 (중복),%lld dilangkau (pendua),%lld overgeslagen (duplicaten),%lld ignorado (duplicado),ข้าม %lld ไดฟ์ (ซ้ำ),Đã bỏ qua %lld (trùng lặp),已跳过 %lld 笔（重复）,已跳過 %lld 筆（重複）,系統組合/格式
%lld%%,%lld%%,%lld%%,%lld%%,%lld%%,%lld%%,%lld%%,%lld%%,%lld%%,%lld%%,%lld%%,%lld%%,%lld%%,%lld%%,%lld%%,%lld%%,%lld%%,%lld%%,%lld%%,系統組合/格式
%lldm,%lld m,,,,,,,,,,,,,,,,,,系統組合/格式
%lldmin,%lld min,,,,,,,,,,,,,,,,,,系統組合/格式
10L (Steel),,,,,,,,,,,,,,,,,,,保留原文(單位/型號/App名)
12L (Steel),,,,,,,,,,,,,,,,,,,保留原文(單位/型號/App名)
AL100 (14L),,,,,,,,,,,,,,,,,,,保留原文(單位/型號/App名)
About,About,About,Über,Σχετικά,Acerca de,À propos,O aplikaciji,Tentang,Info,情報,정보,Mengenai,Over,Sobre,เกี่ยวกับ,Giới thiệu,关于,關於,OK
Active,Active,Active,Aktiv,Ενεργό,Activo,Actif,Aktivno,Aktif,Attivo,有効,활성,Aktif,Actief,Ativo,เปิดใช้งาน,Hoạt động,已启用,已啟用,OK
Add New Dive,Add New Dive,Add New Dive,Tauchgang hinzufügen,Προσθήκη κατάδυσης,Añadir inmersión,Ajouter une plongée,Dodaj novi uron,Tambah Penyelaman Baru,Aggiungi immersione,新しいダイビングを追加,새 다이빙 추가,Tambah Selam Baru,Voeg duik toe,Adicionar mergulho,เพิ่มไดฟ์ใหม่,Thêm lặn mới,新增潜水,新增潛水,OK
Air,Air,Air,Luft,Αέρας,Aire,Air,Zrak,Udara,Aria,空気,공기,Udara,Lucht,Ar,อากาศ,Không khí,空气,空氣,OK
Air Temperature,Air Temperature,Air Temperature,Lufttemperatur,Θερμοκρασία αέρα,Temperatura del aire,Température de l'air,Temperatura zraka,Suhu udara,Temperatura dell'aria,気温,기온,Suhu udara,Luchttemperatuur,Temperatura do ar,อุณหภูมิอากาศ,Nhiệt độ không khí,气温,氣溫,OK
Air Temperature: %.1f degrees Celsius,Air Temperature: %.1f °C,Air Temperature: %.1f °C,Lufttemperatur: %.1f °C,Θερμοκρασία αέρα: %.1f °C,Temperatura del aire: %.1f °C,Température de l'air : %.1f °C,Temperatura zraka: %.1f °C,Suhu udara: %.1f °C,Temperatura dell'aria: %.1f °C,気温：%.1f °C,기온: %.1f °C,Suhu udara: %.1f °C,Luchttemperatuur: %.1f °C,Temperatura do ar: %.1f °C,อุณหภูมิอากาศ: %.1f °C,Nhiệt độ không khí: %.1f °C,气温：%.1f °C,氣溫：%.1f °C,OK
Altitude,Altitude,Altitude,Höhe,Υψόμετρο,Altitud,Altitude,Nadmorska visina,Ketinggian,Altitudine,高地,고도,Altitud,Altitude,Altitude,ความสูง,Altitude,高海拔,高海拔,OK
Aluminum,Aluminum,Aluminium,Aluminium,Αλουμίνιο,Aluminio,Aluminium,Aluminijum,Aluminium,Alluminio,アルミニウム,알루미늄,Aluminium,Aluminium,Alumínio,อลูมิเนียม,Nhôm,铝,鋁,OK
App Language,App Language,App Language,App-Sprache,Γλώσσα εφαρμογής,Idioma de la app,Langue de l'app,Jezik aplikacije,Bahasa Aplikasi,Lingua dell'app,Appの言語,앱 언어,Bahasa Aplikasi,App-taal,Idioma da app,ภาษาแอป,Ngôn ngữ ứng dụng,App 语言,App 語言,OK
Auto-detects format from file content,Auto-detects format from file content,Auto-detects format from file content,Format automatisch erkennen,Αυτόματη ανίχνευση μορφής,Detecta formato del contenido,Détection automatique du format,Automatski detektira format,Deteksi otomatis format file,Rileva formato dal contenuto,ファイル内容から形式を自動検出,파일 내용에서 형식 자동 감지,Kesan format secara automatik,Formaat automatisch detecteren,Deteta o formato pelo conteúdo,ตรวจพบรูปแบบอัตโนมัติ,Tự động phát hiện định dạng,自动从文件内容检测格式,自動從檔案內容偵測格式,OK
Average Depth,Average Depth,Average Depth,Durchschnittliche Tiefe,Μέσο βάθος,Profundidad promedio,Profondeur moyenne,Prosječna dubina,Kedalaman rata-rata,Profondità media,平均深度,평균 깊이,Kedalaman rata-rata,Gemiddelde diepte,Profundidade média,ความลึกเฉลี่ย,Độ sâu trung bình,平均深度,平均深度,OK
Basic Info,Basic Info,Basic Info,Basisinfos,Βασικές πληροφορίες,Información básica,Infos de base,Osnovne informacije,Info Dasar,Info di base,基本情報,기본 정보,Maklumat Asas,Basisinformatie,Informações básicas,ข้อมูลพื้นฐาน,Thông tin cơ bản,基本信息,基本資訊,OK
Buddy,Buddy,Buddy,Buddy,Ζευγάρι,Compañero,Binôme,Ronilački partner,Buddy,Compagno,バディ,버디,Buddy,Buddy,Dupla,คู่ดำน้ำ,Bạn lặn,潜伴,潛伴,OK
Buddy Name (optional),Buddy Name (optional),Buddy Name (optional),Name des Buddys (optional),Όνομα ζευγαριού (προαιρετικό),Nombre del compañero (opcional),Nom du binôme (facultatif),Ime partnera (opcionalno),Nama Buddy (opsional),Nome compagno (opzionale),バディ名（任意）,버디 이름 (선택),Nama Buddy (pilihan),Naam buddy (optioneel),Nome da dupla (opcional),ชื่อคู่ดำน้ำ (ไม่บังคับ),Tên bạn lặn (tùy chọn),潜伴姓名（可选）,潛伴姓名（可選）,OK
Buy Premium for %@,Buy Premium for %@,Buy Premium for %@,Premium kaufen für %@,Αγορά Premium για %@,Comprar Premium por %@,Acheter Premium pour %@,Kupi Premium za %@,Beli Premium seharga %@,Acquista Premium per %@,%@でプレミアムを購入,%@으로 프리미엄 구매,Beli Premium untuk %@,Koop Premium voor %@,Comprar Premium por %@,ซื้อพรีเมียมในราคา %@,Mua Premium với giá %@,以 %@ 购买专业版,以 %@ 購買進階版,OK
Calm,Calm,Calm,Ruhig,Ήσυχα,Calma,Calme,Mirno,Tenang,Calmo,穏やか,잔잔,Tenang,Kalm,Calmo,สงบ,Yên tĩnh,平静,平靜,OK
Cancel,Cancel,Cancel,Abbrechen,Ακύρωση,Cancelar,Annuler,Odustani,Batal,Annulla,キャンセル,취소,Batal,Annuleer,Cancelar,ยกเลิก,Hủy,取消,取消,OK
Clear,Clear,Clear,Klar,Καθαρός,Despejado,Dégagé,Čisto,Jernih,Limpido,晴天,맑음,Jernih,Helder,Céu limpo,สะอาด,Trong suốt,晴空万里,晴空萬里,OK
Close,Close,Close,Schließen,Κλείσιμο,Cerrar,Fermer,Zatvori,Tutup,Chiudi,閉じる,닫기,Tutup,Sluit,Fechar,ปิด,Đóng,关闭,關閉,OK
Cloudy,Cloudy,Cloudy,Bewölkt,Νεφελώδης,Nublado,Nuageux,Oblačno,Berawan,Nuvoloso,曇り,흐림,Berawan,Bewolkt,Nublado,มีเมฆ,Có mây,多云,多雲,OK
Conditions,Conditions,Conditions,Bedingungen,Συνθήκες,Condiciones,Conditions,Uvjeti,Kondisi,Condizioni,コンディション,컨디션,Keadaan,Omstandigheden,Condições,สภาพแวดล้อม,Điều kiện,环境条件,環境條件,OK
Coordinates,Coordinates,Coordinates,Koordinaten,Συντεταγμένες,Coordenadas,Coordonnées,Koordinate,Koordinat,Coordinate,座標,좌표,Koordinat,Coördinaten,Coordenadas,พิกัด,Tọa độ,坐标,座標,OK
Cylinder Material,Cylinder Material,Cylinder Material,Zylindermaterial,Υλικό κυλίνδρου,Material del cilindro,Matériau du cylindre,Materijal cilindra,Material silinder,Materiale della bombola,シリンダーマテリアル,실린더 재료,Bahan silinder,Cilindermaterialen,Material do cilindro,วัสดุสูบน้ำ,Chất liệu xi lanh,气瓶材质,氣瓶材質,OK
Cylinder Size,Cylinder Size,Cylinder Size,Zylindergröße,Μέγεθος κυλίνδρου,Tamaño del cilindro,Taille du cylindre,Veličina cilindra,Ukuran silinder,Dimensioni della bombola,シリンダーサイズ,실린더 크기,Ukuran silinder,Cylindergrootte,Tamanho do cilindro,ขนาดสูบน้ำ,Kích thước xi lanh,气瓶容量,氣瓶容量,OK
Date & Time,Date & Time,Date & Time,Datum & Uhrzeit,Ημερομηνία & Ώρα,Fecha y hora,Date et heure,Datum i vrijeme,Tanggal & Waktu,Data e ora,日時,날짜 및 시간,Tarikh & Masa,Datum en tijd,Data e hora,วันที่และเวลา,Ngày & Giờ,日期与时间,日期與時間,OK
Deepest,Deepest,Deepest,Tiefste,Βαθύτερη,Más profundo,Le plus profond,Najdublje,Terdalam,Più profondo,最深,최고 수심,Paling dalam,Diepste,Mais profundo,ลึกที่สุด,Sâu nhất,最深,最深,OK
Delete,Delete,Delete,Löschen,Διαγραφή,Eliminar,Supprimer,Izbriši,Hapus,Elimina,削除,삭제,Padam,Verwijder,Apagar,ลบ,Xóa,删除,刪除,OK
Delete Dive,Delete Dive,Delete Dive,Tauchgang löschen,Διαγραφή κατάδυσης,Eliminar inmersión,Supprimer la plongée,Izbriši uron,Hapus Penyelaman,Elimina immersione,ダイビングを削除,다이빙 삭제,Padam Selam,Verwijder duik,Apagar mergulho,ลบไดฟ์,Xóa chuyến lặn,删除潜水,刪除潛水,OK
Delete this dive log?,Delete this dive log?,Delete this dive log?,Dieses Tauchprotokoll löschen?,Διαγραφή αυτού του αρχείου καταδύσεων;,¿Eliminar este registro de inmersión?,Supprimer ce carnet de plongée ?,Izbrisati ovaj dnevnik urona?,Hapus log penyelaman ini?,Eliminare questo log d'immersione?,このダイブログを削除しますか？,이 다이빙 로그를 삭제하시겠습니까?,Padam log selam ini?,Dit duiklogboek verwijderen?,Apagar este registo de mergulho?,ลบบันทึกการดำน้ำนี้หรือไม่?,Xóa nhật ký lặn này?,删除这条潜水记录？,刪除這筆潛水紀錄？,OK
Depth,Depth,Depth,Tiefe,Βάρος κατάδυσης,Profundidad,Profondeur,Dubina,Kedalaman,Profondità,水深,수심,Kedalaman,Diepte,Profundidade,ความลึก,Độ sâu,深度,深度,OK
Dive Data,Dive Data,Dive Data,Tauchdaten,Δεδομένα κατάδυσης,Datos de la inmersión,Données de plongée,Podaci o uronu,Data Penyelaman,Dati immersione,ダイビングデータ,다이빙 데이터,Data Selam,Duikgegevens,Dados de mergulho,ข้อมูลไดฟ์,Dữ liệu lặn,潜水数据,潛水數據,OK
Dive Data & Time,Dive Data & Time,Dive Data & Time,Tauchdaten & Zeit,Δεδομένα & Ώρα κατάδυσης,Datos y hora de inmersión,Données & heure de plongée,Podaci i vrijeme urona,Data & Waktu Penyelaman,Dati & ora dell'immersione,ダイビングデータと日時,다이빙 데이터 및 시간,Data & Masa Selam,Duikgegevens & tijd,Dados e hora do mergulho,ข้อมูลและเวลาดำน้ำ,Dữ liệu & thời gian lặn,潜水数据与时间,潛水數據與時間,OK
Dive Details,Dive Details,Dive Details,Tauchdetails,Λεπτομέρειες κατάδυσης,Detalles de la inmersión,Détails de la plongée,Detalji urona,Detail Penyelaman,Dettagli immersione,ダイビングの詳細,다이빙 상세 정보,Butiran Selam,Duikdetails,Detalhes do mergulho,รายละเอียดไดฟ์,Chi tiết chuyến lặn,潜水详情,潛水詳細資料,OK
Dive Info,Dive Info,Dive Info,Tauchinfos,Πληροφορίες κατάδυσης,Información de inmersión,Infos de plongée,Informacije o uronu,Informasi Penyelaman,Info immersione,ダイビング情報,다이빙 정보,Maklumat Selam,Duikinfo,Informações do mergulho,ข้อมูลทั่วไป,Thông tin chuyến lặn,潜水信息,潛水資訊,OK
Dive Logbook,Dive Logbook,Dive Logbook,Taucherlogbuch,Ημερολόγιο καταδύσεων,Diario de inmersiones,Carnet de plongée,Ronilački logbook,Logbook Penyelaman,Giornale di immersione,ダイビングログ,다이빙 로그북,Log selam,Duiklogboek,Diário de mergulhos,สมุดบันทึกการดำน้ำ,Nhật ký lặn,潜水日志,潛水日誌,OK
Dive Notes,Dive Notes,Dive Notes,Tauch-Notizen,Σημειώσεις Κατάδυσης,Notas de Buceo,Notes de Plongée,Bilješke Urona,Catatan Penyelaman,Note di Immersione,ダイビングノート,다이빙 메모,Nota Menyelam,Duikaantekeningen,Notas de Mergulho,บันทึกการดำน้ำ,Ghi Chú Lặn,潜水备注,潛水備註,OK
Dive Profile,Dive Profile,Dive Profile,Tauchprofil,Προφίλ κατάδυσης,Perfil de inmersión,Profil de plongée,Profil urona,Profil Penyelaman,Profilo di immersione,ダイブプロフィール図,다이빙 프로필,Profil Selam,Duikprofiel,Perfil de mergulho,โปรไฟล์การดำน้ำ,Biểu đồ hồ sơ lặn,潜水剖面图,潛水剖面圖,OK
Dive Site,Dive Site,Dive Site,Tauchplatz,Τοποθεσία κατάδυσης,Punto de inmersión,Site de plongée,Lokacija urona,Lokasi Penyelaman,Punto di immersione,ダイビングポイント,다이빙 사이트,Tapak Selam,Duiklocatie,Local de mergulho,จุดดำน้ำ,Địa điểm lặn,潜水地点,潛水地點,OK
Dive Time,Dive Time,Dive Time,Tauchzeit,Χρόνος κατάδυσης,Tiempo de inmersión,Temps de plongée,Vrijeme urona,Waktu Penyelaman,Tempo di immersione,潜水時間,잠수 시간,Masa Selam,Duiktijd,Tempo de mergulho,เวลาดำน้ำ,Thời gian lặn,潜水时间,潛水時間,OK
Dive site map will be available in a future update.,Dive site map will be available in a future update.,The dive site map will be available in a future update.,Die Karte der Tauchplätze wird in einem zukünftigen Update verfügbar sein.,Ο χάρτης τοποθεσιών κατάδυσης θα είναι διαθέσιμος σε μελλοντική ενημέρωση.,El mapa de puntos de inmersión estará disponible en una próxima actualización.,La carte des sites sera disponible dans une prochaine mise à jour.,Karta lokacija urona bit će dostupna u budućem ažuriranju.,Peta lokasi penyelaman akan tersedia dalam pembaruan mendatang.,La mappa dei punti di immersione sarà disponibile in un prossimo aggiornamento.,ダイビングポイントのマップは今後のアップデートで利用可能になります。,다이빙 사이트 지도는 향후 업데이트에서 지원될 예정입니다.,Peta tapak selam akan tersedia dalam kemas kini masa hadapan.,De duiklocatiekaart komt beschikbaar in een toekomstige update.,O mapa dos locais de mergulho estará disponível numa atualização futura.,แผนที่จุดดำน้ำจะพร้อมใช้งานในการอัปเดตในอนาคต.,Bản đồ địa điểm lặn sẽ khả dụng trong bản cập nhật tương lai.,潜点地图将在后续版本中提供。,潛點地圖將在後續版本中提供。,OK
Dives,Dives,Dives,Tauchgänge,Καταδύσεις,Inmersiones,Plongées,Uroni,Penyelaman,Immersioni,ダイビング,다이빙,Selaman,Duiken,Mergulhos,ไดฟ์,Lần lặn,潜水,潛水,OK
Dives with GPS coordinates will appear on this map.,Dives with GPS coordinates will appear on this map.,Dives with GPS coordinates will appear on this map.,Tauchgänge mit GPS-Koordinaten werden auf dieser Karte angezeigt.,Οι καταδύσεις με συντεταγμένες GPS θα εμφανίζονται σε αυτόν τον χάρτη.,Las inmersiones con coordenadas GPS aparecerán en este mapa.,Les plongées avec coordonnées GPS apparaîtront sur cette carte.,Uroni s GPS koordinatama prikazat će se na ovoj karti.,Penyelaman dengan koordinat GPS akan muncul di peta ini.,Le immersioni con coordinate GPS appariranno su questa mappa.,GPS座標を持つダイビングがこのマップに表示されます。,GPS 좌표가 있는 다이빙이 이 지도에 표시됩니다.,Selam dengan koordinat GPS akan muncul pada peta ini.,Duiken met GPS-coördinaten verschijnen op deze kaart.,Os mergulhos com coordenadas GPS aparecerão neste mapa.,ไดฟ์ที่มีพิกัด GPS จะแสดงบนแผนที่นี้.,Chuyến lặn có tọa độ GPS sẽ xuất hiện trên bản đồ này.,含 GPS 坐标的潜水记录将显示在地图上。,含 GPS 座標的潛水記錄將顯示在地圖上。,OK
Done,Done,Done,Fertig,Τέλος,Hecho,Terminé,Gotovo,Selesai,Fine,完了,완료,Selesai,Gereed,Concluído,เสร็จสิ้น,Xong,完成,完成,OK
Duration: %d minutes,Duration: %d min,Duration: %d min,Tauchzeit: %d Min.,Διάρκεια: %d min,Tiempo de buceo: %d min,Durée de plongée : %d min,Trajanje: %d min,Durasi: %d min,Tempo di immersione: %d min,潜水時間：%d 分,잠수 시간: %d분,Tempoh: %d min,Duur: %d min,Tempo de mergulho: %d min,ระยะเวลา: %d min,Thời gian lặn: %d phút,潜水时间：%d 分钟,潛水時間：%d 分鐘,OK
EANx,EANx,EANx,EANx,EANx,EANx,EANx,EANx,EANx,EANx,EANx,EANx,EANx,EANx,EANx,EANx,EANx,高氧,高氧,OK
Edit,Edit,Edit,Bearbeiten,Επεξεργασία,Editar,Modifier,Uredi,Edit,Modifica,編集,편집,Edit,Wijzig,Editar,แก้ไข,Sửa,编辑,編輯,OK
Edit Dive,Edit Dive,Edit Dive,Tauchgang bearbeiten,Επεξεργασία κατάδυσης,Editar inmersión,Modifier la plongée,Uredi uron,Edit Penyelaman,Modifica immersione,ダイビングを編集,다이빙 편집,Edit Selam,Wijzig duik,Editar mergulho,แก้ไขไดฟ์,Sửa chuyến lặn,编辑潜水,編輯潛水,OK
End Pressure,End Pressure,End Pressure,Enddruck,Πίεση λήξης,Presión final,Pression finale,Završni tlak,Tekanan akhir,Pressione finale,終了圧力,종료 압력,Tekanan akhir,Einddruk,Pressão final,ความดันสิ้นสุด,Áp lực cuối cùng,结束压力,結束壓力,OK
Enjoy an uninterrupted dive log experience.,Enjoy an uninterrupted dive log experience.,Enjoy an uninterrupted dive log experience.,Genießen Sie ein ungestörtes Taucherlogbuch-Erlebnis.,Απολαύστε μια αδιάλειπτη εμπειρία ημερολογίου καταδύσεων.,Disfruta de un diario de inmersiones sin interrupciones.,Profitez d'un carnet de plongée sans interruption.,Uživajte u neprekinutom ronilačkom logbooku.,Nikmati pengalaman logbook penyelaman tanpa gangguan.,Goditi un giornale di immersione senza interruzioni.,途切れることのないダイビングログ体験をお楽しみください。,중단 없는 다이빙 로그북을 경험해 보세요.,Nikmati pengalaman log selam tanpa gangguan.,Geniet van een ononderbroken duiklogboekervaring.,Desfrute de um diário de mergulhos sem interrupções.,เพลิดเพลินกับประสบการณ์บันทึกการดำน้ำแบบไม่สะดุด.,Tận hưởng trải nghiệm nhật ký lặn không bị gián đoạn.,享受不受干扰的潜水日志体验。,享受不受干擾的潛水日誌體驗。,OK
Enriched Air,Enriched Air,Enriched Air,Angereicherte Luft,Εμπλουτισμένος αέρας,Aire enriquecido,Air enrichi,Obogaćeni zrak,Udara Kaya,Aria arricchita,エンリッチドエア,농축 공기,Udara Kaya,Verrijkte lucht,Ar enriquecido,อากาศที่เข้มข้น,Không khí giàu,高氧,高氧,OK
Entry & Exit,Entry & Exit,Entry & Exit,Ein- und Ausstieg,Είσοδος και Έξοδος,Entrada y Salida,Entrée et Sortie,Ulazak i Izlazak,Masuk dan Keluar,Ingresso e Uscita,入水と出水,입수 및 출수,Masuk dan Keluar,In- en Uitgang,Entrada e Saída,เข้าน้ำและออกน้ำ,Vào Nước và Ra Nước,出入水时间,出入水時間,OK
Entry Time,Entry Time,Entry Time,Eintrittszeit,Ώρα εισόδου,Hora de entrada,Heure d'entrée,Vrijeme ulaska,Waktu masuk,Orario di ingresso,エントリー時刻,입수 시간,Waktu masuk,Inloggen tijd,Hora de entrada,เวลาลงน้ำ,Thời gian vào nước,入水时间,入水時間,OK
Environment,Environment,Environment,Umgebung,Περιβάλλον,Entorno,Environnement,Okolina,Lingkungan,Ambiente,環境,환경,Persekitaran,Omgeving,Ambiente,สภาพแวดล้อม,Môi trường lặn,环境,環境,OK
Equipment,Equipment,Equipment,Ausrüstung,Εξοπλισμός,Equipamiento,Équipement,Oprema,Peralatan,Attrezzatura,器材,장비,Peralatan,Uitrusting,Equipamento,อุปกรณ์,Thiết bị,潜水装备,潛水裝備,OK
Exit Time,Exit Time,Exit Time,Austrittszeit,Ώρα εξόδου,Hora de salida,Heure de sortie,Vrijeme izlaska,Waktu keluar,Orario di uscita,エグジット時刻,출수 시간,Waktu keluar,Afsluiten tijd,Hora de saída,เวลาออกน้ำ,Thời gian thoát nước,出水时间,出水時間,OK
File %lld of %lld,File %1$lld of %2$lld,File %1$lld of %2$lld,Datei %1$lld von %2$lld,Αρχείο %1$lld από %2$lld,Archivo %1$lld de %2$lld,Fichier %1$lld sur %2$lld,Datoteka %1$lld od %2$lld,File %1$lld dari %2$lld,File %1$lld di %2$lld,ファイル %1$lld / %2$lld,파일 %1$lld/%2$lld,Fail %1$lld daripada %2$lld,Bestand %1$lld van %2$lld,Ficheiro %1$lld de %2$lld,ไฟล์ %1$lld จาก %2$lld,Tệp %1$lld trong %2$lld,第 %1$lld 个文件（共 %2$lld 个）,第 %1$lld 個檔案（共 %2$lld 個）,OK
Freshwater,Freshwater,Freshwater,Süßwasser,Γλυκό νερό,Agua dulce,Eau douce,Slatka voda,Air Tawar,Acqua dolce,淡水,담수,Air Tawar,Zoet water,Água doce,น้ำจืด,Nước ngọt,淡水,淡水,OK
Garmin Descent,Garmin Descent,Garmin Descent,Garmin Descent,Garmin Descent,Garmin Descent,Garmin Descent,Garmin Descent,Garmin Descent,Garmin Descent,Garmin Descent,Garmin Descent,Garmin Descent,Garmin Descent,Garmin Descent,Garmin Descent,Garmin Descent,Garmin Descent,Garmin Descent,OK
Gas,Gas,Gas,Gas,Αέριο,Gas,Gaz,Plin,Gas,Gas,ガス,기체,Gas,Gas,Gás,แก๊ส,Khí lặn,气体,氣體,OK
Gas Mix,Gas Mix,Gas Mix,Gasgemisch,Μείγμα αερίου,Mezcla de gases,Mélange de gaz,Mješavina plina,Campuran Gas,Miscela gas,混合ガス,기체 믹스,Campuran Gas,Gasmengsel,Mistura de gases,แก๊สผสม,Khí trộn,混合气体,混合氣體,OK
"Hello, world!","Hello, world!","Hello, world!",Hallo Welt!,"Γεια σου, κόσμε!","¡Hola, mundo!",Bonjour le monde !,"Pozdrav, svijete!","Halo, dunia!","Ciao, mondo!",こんにちは、世界！,"안녕, 세상아!","Helo, dunia!",Hallo wereld!,"Olá, mundo!",สวัสดีชาวโลก!,Chào thế giới!,你好，世界！,你好，世界！,OK
Import,Import,Import,Import,Εισαγωγή,Importar,Importer,Uvoz,Impor,Importa,取り込み,가져오기,Import,Importeer,Importar,นำเข้า,Nhập dữ liệu,导入,匯入,OK
Import Dives,Import Dives,Import Dives,Tauchgänge importieren,Εισαγωγή καταδύσεων,Importar inmersiones,Importer des plongées,Uvezi urone,Impor Penyelaman,Importa immersioni,ダイビングを読み込む,다이빙 가져오기,Import Selam,Importeer duiken,Importar mergulhos,นำเข้าไดฟ์,Nhập chuyến lặn,导入潜水记录,匯入潛水記錄,OK
Import Failed,Import Failed,Import Failed,Import fehlgeschlagen,Αποτυχία εισαγωγής,Error al importar,Échec de l'import,Uvoz nije uspio,Impor Gagal,Importazione fallita,読み込み失敗,가져오기 실패,Import Gagal,Importen mislukt,Falha na importação,นำเข้าล้มเหลว,Nhập thất bại,导入失败,匯入失敗,OK
Import Successful,Import Successful,Import Successful,Import erfolgreich,Επιτυχής εισαγωγή,Importación exitosa,Import réussi,Uvoz uspješan,Impor Berhasil,Importazione completata,読み込み成功,가져오기 성공,Import Berjaya,Import geslaagd,Importação com sucesso,นำเข้าสำเร็จ,Nhập thành công,导入成功,匯入成功,OK
Importing file %lld of %lld: %@,Importing file %1$lld of %2$lld: %3$@,Importing file %1$lld of %2$lld: %3$@,Datei %1$lld von %2$lld wird importiert: %3$@,Εισαγωγή αρχείου %1$lld από %2$lld: %3$@,Importando archivo %1$lld de %2$lld: %3$@,Importation du fichier %1$lld sur %2$lld : %3$@,Uvoz datoteke %1$lld od %2$lld: %3$@,Mengimpor file %1$lld dari %2$lld: %3$@,Importazione file %1$lld di %2$lld: %3$@,ファイル %1$lld / %2$lld を取り込み中：%3$@,파일 %1$lld/%2$lld 가져오는 중: %3$@,Mengimport fail %1$lld daripada %2$lld: %3$@,Bestand %1$lld van %2$lld importeren: %3$@,A importar ficheiro %1$lld de %2$lld: %3$@,กำลังนำเข้าไฟล์ %1$lld จาก %2$lld: %3$@,Đang nhập tệp %1$lld trong %2$lld: %3$@,正在导入第 %1$lld 个文件（共 %2$lld 个）：%3$@,正在匯入第 %1$lld 個檔案（共 %2$lld 個）：%3$@,OK
Importing…,Importing…,Importing…,Importieren…,Εισαγωγή…,Importando…,Importation…,Uvoženje…,Sedang mengimpor…,Importazione in corso…,読み込み中…,가져오는 중…,Importing…,Importeren…,Importando…,กำลังนำเข้า…,Đang nhập…,导入中…,匯入中…,OK
Incoming,Incoming,Incoming,Flut,Παλίρροια,Marea creciente,Montante,Plima,Pasang,Marea crescente,上げ潮,밀물,Pasang,Vloed,Enchente,น้ำขึ้น,Triều lên,涨潮,漲潮,OK
JD2 Logbook,JD2 Logbook,,,,,,,,,,,,,,,,,,保留原文(單位/型號/App名)
JD2 Logbook Premium,JD2 Logbook Premium,JD2 Logbook Premium,JD2 Logbook Premium,JD2 Logbook Premium,JD2 Logbook Premium,JD2 Logbook Premium,JD2 Logbook Premium,JD2 Logbook Premium,JD2 Logbook Premium,JD2 Logbook プレミアム,JD2 Logbook 프리미엄,JD2 Logbook Premium,JD2 Logbook Premium,JD2 Logbook Premium,JD2 Logbook Premium,JD2 Logbook Premium,JD2 潜水日志专业版,JD2 潛水日誌進階版,OK
Jump to Today,Jump to Today,Jump to Today,Heute,Μετάβαση στο σήμερα,Ir a hoy,Aujourd'hui,Skoči na danas,Lompat ke Hari Ini,Vai a oggi,今日へ移動,오늘로 이동,Lompat ke Hari Ini,Naar vandaag,Ir para hoje,ข้ามไปวันนี้,Nhảy đến hôm nay,跳至今天,跳至今天,OK
Key Stats,Key Stats,Key Stats,Wichtige Statistiken,Κύρια στατιστικά,Estadísticas clave,Statistiques clés,Ključne statistike,Statistik Utama,Statistiche chiave,主な統計,주요 통계,Statistik Utama,Belangrijkste statistieken,Estatísticas principais,สถิติหลัก,Số liệu chính,主要数据,主要數據,OK
Language,Language,Language,Sprache,Γλώσσα,Idioma,Langue,Jezik,Bahasa,Lingua,言語,언어,Bahasa,Taal,Idioma,ภาษา,Ngôn ngữ,语言,語言,OK
"Language, appearance, and preferences will be available in a future update.","Language, appearance, and preferences will be available in a future update.","Language, appearance, and preferences will be available in a future update.","Sprache, Erscheinungsbild und Einstellungen werden in einem zukünftigen Update verfügbar sein.","Η γλώσσα, η εμφάνιση και οι προτιμήσεις θα είναι διαθέσιμες σε μελλοντική ενημέρωση.","El idioma, la apariencia y las preferencias estarán disponibles en una próxima actualización.","La langue, l'apparence et les préférences seront disponibles dans une prochaine mise à jour.","Jezik, izgled i postavke bit će dostupni u budućem ažuriranju.","Bahasa, tampilan, dan preferensi akan tersedia dalam pembaruan mendatang.","Lingua, aspetto e preferenze saranno disponibili in un prossimo aggiornamento.",言語、外観、環境設定は今後のアップデートで利用可能になります。,"언어, 화면 스타일 및 환경 설정은 향후 업데이트에서 지원될 예정입니다.","Bahasa, penampilan dan keutamaan akan tersedia dalam kemas kini masa hadapan.","Taal, weergave en voorkeuren komen beschikbaar in een toekomstige update.","O idioma, a aparência e as preferências estarão disponíveis numa atualização futura.",ภาษา รูปลักษณ์ และการตั้งค่าจะพร้อมใช้งานในการอัปเดตในอนาคต.,"Ngôn ngữ, giao diện và tùy chọn sẽ khả dụng trong bản cập nhật tương lai.",语言、外观与偏好设置将在后续版本中提供。,語言、外觀與偏好設定將在後續版本中提供。,OK
Location,Location,Location,Ort,Τοποθεσία,Ubicación,Lieu,Lokacija,Lokasi,Posizione,場所,위치,Lokasi,Locatie,Localização,สถานที่,Địa điểm,地点,地點,OK
Logbook,Logbook,Logbook,Logbuch,Ημερολόγιο,Diario,Carnet,Logbook,Logbook,Giornale,ログ,로그북,Log,Logboek,Diário,สมุดบันทึก,Nhật ký,日志,日誌,OK
Manual Entry,Manual Entry,Manual Entry,Manuelle Eingabe,Μη αυτόματη καταχώριση,Entrada manual,Saisie manuelle,Ručni unos,Entri Manual,Inserimento manuale,手動入力,수동 입력,Kemasukan Manual,Handmatige invoer,Entrada manual,กรอกข้อมูลเอง,Nhập thủ công,手动创建,手動建立,OK
Map,Map,Map,Karte,Χάρτης,Mapa,Carte,Karta,Peta,Mappa,マップ,지도,Peta,Kaart,Mapa,แผนที่,Bản đồ,地图,地圖,OK
Map view coming soon,Map view coming soon,Map view coming soon,Kartenansicht demnächst verfügbar,Η προβολή χάρτη έρχεται σύντομα,Vista de mapa próximamente,Vue carte bientôt disponible,Prikaz karte stiže uskoro,Tampilan peta segera hadir,Mappa in arrivo,マップビューは近日公開予定,지도 뷰 곧 출시 예정,Paparan peta akan datang,Kaartweergave binnenkort beschikbaar,Vista de mapa em breve,มุมมองแผนที่เร็ว ๆ นี้,Giao diện bản đồ sắp ra mắt,地图视图即将推出,地圖檢視即將推出,OK
Max Depth,Max Depth,Max Depth,Maximale Tiefe,Μέγιστο βάθος,Profundidad máx.,Profondeur max,Maks. dubina,Kedalaman Maksimum,Profondità max,最大水深,최대 깊이,Kedalaman Maks,Max. diepte,Profundidade máx.,ความลึกสูงสุด,Độ sâu tối đa,最大深度,最大深度,OK
Max Depth: %.1f metres,Max Depth: %.1f m,Max Depth: %.1f m,Maximale Tiefe: %.1f m,Μέγιστο βάθος: %.1f μέτρα,Profundidad máx.: %.1f m,Profondeur max : %.1f m,Maks. dubina: %.1f m,Kedalaman Maksimum: %.1f m,Profondità max: %.1f m,最大水深：%.1f m,최대 깊이: %.1f미터,Kedalaman Maks: %.1f m,Max. diepte: %.1f m,Profundidade máx.: %.1f m,ความลึกสูงสุด: %.1f เมตร,Độ sâu tối đa: %.1f mét,最大深度：%.1f m,最大深度：%.1f m,OK
Min Depth,Min Depth,Min Depth,Minimale Tiefe,Ελάχιστο βάθος,Profundidad mínima,Profondeur minimale,Minimalna dubina,Kedalaman minimum,Profondità minima,最小深度,최소 깊이,Kedalaman minimum,Minimale diepte,Profundidade mínima,ความลึกต่ำสุด,Độ sâu tối thiểu,最小深度,最小深度,OK
Moderate,Moderate,Moderate,Mäßig,Μέτρια,Moderado,Modéré,Umjereno,Sedang,Moderato,中程度,중간,Sedang,Matig,Moderado,ปานกลาง,Vừa phải,中等,中等,OK
Month,Month,Month,Monat,Μήνας,Mes,Mois,Mjesec,Bulan,Mese,月,월,Bulan,Monat,Mês,เดือน,Tháng,月,月,OK
New Dive,New Dive,New Dive,Neuer Tauchgang,Νέα κατάδυση,Nueva inmersión,Nouvelle plongée,Novi uron,Penyelaman Baru,Nuova immersione,新しいダイビング,새 다이빙,Selam Baru,Nieuwe duik,Novo mergulho,ไดฟ์ใหม่,Chuyến lặn mới,新增潜水,新增潛水,OK
Next month,Next month,Next month,Nächster Monat,Επόμενος μήνας,Mes siguiente,Mois suivant,Sljedeći mjesec,Bulan depan,Mese successivo,来月,다음 달,Bulan depan,Volgende maand,Mês seguinte,เดือนถัดไป,Tháng sau,下个月,下個月,OK
Next year,Next year,Next year,Nächstes Jahr,Επόμενο έτος,Año siguiente,Année suivante,Sljedeća godina,Tahun depan,Anno successivo,翌年,내년,Tahun depan,Volgend jaar,Ano seguinte,ปีหน้า,Năm sau,下一年,下一年,OK
Nitrox,Nitrox,Nitrox,Nitrox,Nitrox,Nitrox,Nitrox,Nitrox,Nitrox,Nitrox,ナイトロックス,나이트록스,Nitrox,Nitrox,Nitrox,ไนตรอกซ์,Nitrox,高氧,高氧,OK
Nitrox O2: %d percent,Nitrox O₂: %d%%,Nitrox O₂: %d%%,Nitrox O₂: %d%%,Nitrox O₂: %d%%,Nitrox O₂: %d%%,Nitrox O₂ : %d%%,Nitrox O₂: %d%%,Nitrox O₂: %d%%,Nitrox O₂: %d%%,ナイトロックス O₂：%dパーセント,나이트록스 O₂: %d퍼센트,Nitrox O₂: %d%%,Nitrox O₂: %d%%,Nitrox O₂: %d%%,ไนตรอกซ์ O₂: %d เปอร์เซ็นต์,Nitrox O₂: %d%%,高氧空气 O₂：%d%%,高氧空氣 O₂：%d%%,OK
No Dive Selected,No Dive Selected,No Dive Selected,Kein Tauchgang ausgewählt,Δεν επιλέχθηκε κατάδυση,Ninguna inmersión seleccionada,Aucune plongée sélectionnée,Nije odabran uron,Tidak ada penyelaman yang dipilih,Nessuna immersione selezionata,ダイビングが選択されていません,선택된 다이빙 없음,Tiada Selam Dipilih,Geen duik geselecteerd,Nenhum mergulho selecionado,ไม่ได้เลือกไดฟ์,Chưa chọn chuyến lặn,未选取潜水日志,未選取潛水日誌,OK
No GPS Dive Sites,No GPS Dive Sites,No GPS Dive Sites,Keine GPS-Tauchplätze,Χωρίς τοποθεσίες κατάδυσης GPS,Sin puntos de inmersión GPS,Aucun site de plongée GPS,Nema ronilačkih lokacija s GPS-om,Tidak Ada Lokasi Penyelaman GPS,Nessun punto di immersione GPS,GPSなしのダイビングポイント,GPS 다이빙 사이트 없음,Tiada Tapak Selam GPS,Geen GPS-duiklocaties,Sem locais de mergulho GPS,ไม่มีจุดดำน้ำ GPS,Không có địa điểm lặn GPS,无 GPS 潜点,無 GPS 潛點,OK
No buddy recorded.,No buddy recorded.,No buddy recorded.,Kein Buddy erfasst.,Δεν καταγράφηκε ζευγάρι.,Ningún compañero registrado.,Aucun binôme enregistré.,Nije zabilježen partner.,Tidak ada buddy yang dicatat.,Nessun compagno registrato.,バディが記録されていません。,기록된 버디가 없습니다.,Tiada buddy direkodkan.,Geen buddy geregistreerd.,Nenhum dupla registado.,ไม่ได้บันทึกคู่ดำน้ำ,Không có bạn lặn được ghi lại.,未记录潜伴。,未記錄潛伴。,OK
No dives on this date.,No dives on this date.,No dives on this date.,Keine Tauchgänge an diesem Datum.,Χωρίς καταδύσεις αυτή την ημερομηνία.,No hay inmersiones en esta fecha.,Aucune plongée à cette date.,Nema urona na ovaj datum.,Tidak ada penyelaman pada tanggal ini.,Nessuna immersione in questa data.,この日のダイビングはありません。,이 날짜에 다이빙이 없습니다.,Tiada selam pada tarikh ini.,Geen duiken op deze datum.,Sem mergulhos nesta data.,ไม่มีไดฟ์ในวันนี้,Không có chuyến lặn vào ngày này.,此日期没有潜水记录。,這一天沒有潛水記錄。,OK
No dives yet,No dives yet,No dives yet,Noch keine Tauchgänge,Δεν υπάρχουν ακόμη καταδύσεις,Aún no hay inmersiones,Aucune plongée pour le moment,Još nema urona,Belum ada penyelaman,Ancora nessuna immersione,ダイビングがまだありません,아직 다이빙이 없습니다,Tiada selam lagi,Nog geen duiken,Ainda sem mergulhos,ยังไม่มีไดฟ์,Chưa có chuyến lặn nào,暂无潜水记录,尚無潛水記錄,OK
No file selected,No file selected,No file selected,Keine Datei ausgewählt,Δεν επιλέχθηκε αρχείο,Ningún archivo seleccionado,Aucun fichier sélectionné,Nije odabrana datoteka,Tidak ada file yang dipilih,Nessun file selezionato,ファイルが選択されていません,선택된 파일 없음,Tiada fail dipilih,Geen bestand geselecteerd,Nenhum ficheiro selecionado,ไม่ได้เลือกไฟล์,Chưa chọn tệp,未选择文件,未選擇檔案,OK
No notes recorded.,No notes recorded.,No notes recorded.,Keine Notizen erfasst.,Δεν καταγράφηκαν σημειώσεις.,Sin notas registradas.,Aucune note enregistrée.,Nema zabilježenih napomena.,Tidak ada catatan yang direkam.,Nessuna nota registrata.,メモが記録されていません。,기록된 메모가 없습니다.,Tiada nota direkodkan.,Geen notities geregistreerd.,Sem notas registadas.,ไม่มีการบันทึกบันทึกย่อ,Không có ghi chú nào được ghi lại.,未填写备注。,未填寫備註。,OK
No previous purchase found.,No previous purchase found.,No previous purchase found.,Keine vorherigen Käufe gefunden.,Δεν βρέθηκε προηγούμενη αγορά.,No se encontró ninguna compra anterior.,Aucun achat antérieur trouvé.,Nije pronađena prethodna kupnja.,Tidak ada pembelian sebelumnya ditemukan.,Nessun acquisto precedente trovato.,以前の購入履歴が見つかりません。,이전 구매 내역을 찾을 수 없습니다.,Tiada pembelian terdahulu ditemui.,Geen eerdere aankoop gevonden.,Nenhum histórico de compra encontrado.,ไม่พบประวัติการซื้อก่อนหน้า,Không tìm thấy giao dịch mua trước đó.,未找到先前的购买记录。,未找到先前的購買記錄。,OK
None,None,None,Keine,Κανένα,Ninguno,Aucun,Nema,Tidak ada,Nessuno,なし,없음,Tidak ada,Geen,Nenhum,ไม่มี,Không có,无,無,OK
Notes,Notes,Notes,Notizen,Σημειώσεις,Notas,Notes,Napomene,Catatan,Note,メモ,메모,Nota,Notities,Notas,บันทึกย่อ,Ghi chú,备注,備註,OK
OK,OK,OK,OK,OK,Aceptar,OK,U redu,OK,OK,OK,확인,OK,OK,OK,ตกลง,OK,确定,確定,OK
One-time purchase — no subscription.,One-time purchase — no subscription.,One-time purchase — no subscription.,Einmaliger Kauf — kein Abonnement,Αγορά μία φορά — χωρίς συνδρομή,Compra única — sin suscripción,Achat unique — sans abonnement,Jednokratna kupnja — bez pretplate,Pembelian sekali — tanpa langganan,Acquisto una tantum — nessun abbonamento,一回限りの購入 — サブスクリプションなし,일회성 구매 — 구독 없음,Pembelian sekali sahaja — tiada langganan,Eenmalige aankoop — geen abonnement,Compra única — sem subscrição,ซื้อครั้งเดียว — ไม่มีระบบสมาชิก,Mua một lần — không cần đăng ký,一次性购买，无需订阅。,一次性購買，無需訂閱。,OK
One-time purchase. No subscription.,One-time purchase. No subscription.,One-time purchase. No subscription.,Einmaliger Kauf. Kein Abonnement.,Αγορά μία φορά. Χωρίς συνδρομή.,Compra única. Sin suscripción.,Achat unique. Sans abonnement.,Jednokratna kupnja. Bez pretplate.,Pembelian sekali. Tanpa langganan.,Acquisto una tantum. Nessun abbonamento.,一回限りの購入。サブスクリプションなし。,일회성 구매. 구독 없음.,Pembelian sekali sahaja. Tiada langganan.,Eenmalige aankoop. Geen abonnement.,Compra única. Sem subscrição.,ซื้อครั้งเดียว ไม่มีระบบสมาชิก,Mua một lần. Không cần đăng ký.,一次性购买。无需订阅。,一次性購買。無需訂閱。,OK
"One-time purchase. No subscription.
Remove all ads.","One-time purchase. No subscription.
Remove all ads.","One-time purchase. No subscription.
Remove all ads.","Einmaliger Kauf. Kein Abo.
Alle Werbung entfernen.","Εφάπαξ αγορά. Χωρίς συνδρομή.
Κατάργηση όλων των διαφημίσεων.","Compra única. Sin suscripción.
Eliminar todos los anuncios.","Achat unique. Sans abonnement.
Supprimer toutes les pubs.","Jednokratna kupnja. Bez pretplate.
Ukloni sve oglase.","Pembelian sekali. Tanpa langganan.
Hapus semua iklan.","Acquisto unico. Nessun abbonamento.
Rimuovi tutti gli annunci.","買い切り型。サブスクリプションなし。
すべての広告を非表示。","일회성 구매. 구독 없음.
모든 광고 제거.","Pembelian sekali sahaja. Tiada langganan.
Buang semua iklan.","Eenmalige aankoop. Geen abonnement.
Verwijder alle advertenties.","Compra única. Sem subscrição.
Remover todos os anúncios.","ซื้อครั้งเดียว ไม่มีสมัครสมาชิก
ลบโฆษณาออกทั้งหมด","Mua một lần. Không đăng ký.
Xóa toàn bộ quảng cáo.","一次性购买，无需订阅。
移除所有广告。","一次性購買，無需訂閱。
移除所有廣告。",OK
One-time purchase. No subscription.\nUnlock Premium to backup and export all your dives.,One-time purchase. No subscription.\nUnlock Premium to backup and export all your dives.,One-time purchase. No subscription.\nUnlock Premium to backup and export all your dives.,"Einmaliger Kauf. Kein Abonnement.\nSchalten Sie Premium frei, um alle Ihre Tauchgänge zu sichern und zu exportieren.",Αγορά μία φορά. Χωρίς συνδρομή.\nΞεκλειδώστε το Premium για να δημιουργήσετε αντίγραφα ασφαλείας και να εξαγάγετε όλες τις καταδύσεις σας.,Compra única. Sin suscripción.\nDesbloquea Premium para respaldar y exportar todas tus inmersiones.,Achat unique. Sans abonnement.\nDéverrouillez le Premium pour sauvegarder et exporter toutes vos plongées.,Jednokratna kupnja. Bez pretplate.\nOtključajte Premium za sigurnosnu kopiju i izvoz svih svojih urona.,Pembelian sekali. Tanpa langganan.\nBuka kunci Premium untuk mencadangkan dan mengeksport semua penyelaman Anda.,Acquisto una tantum. Nessun abbonamento.\nSblocca Premium per eseguire il backup ed esportare tutte le tue immersioni.,一回限りの購入。サブスクリプションなし。\nすべてのダイビングをバックアップおよび書き出すには、プレミアムのロックを解除してください。,일회성 구매. 구독 없음.\n모든 다이빙을 백업하고 내보내려면 프리미엄을 잠금 해제하세요.,Pembelian sekali sahaja. Tiada langganan.\nBuka kunci Premium untuk menyandar dan mengeksport semua selam anda.,Eenmalige aankoop. Geen abonnement.\nOntgrendel Premium om al je duiken te back-uppen en te exporteren.,Compra única. Sem subscrição.\nDesbloqueie o Premium para salvaguardar e exportar todos os seus mergulhos.,ซื้อครั้งเดียว ไม่มีระบบสมาชิก\nปลดล็อกพรีเมียมเพื่อสำรองข้อมูลและส่งออกไดฟ์ทั้งหมดของคุณ,Mua một lần. Không cần đăng ký.\nMở khóa Premium để sao lưu và xuất tất cả các chuyến lặn của bạn.,"一次性购买，无需订阅。
解锁专业版即可备份并导出所有潜水记录。","一次性購買，無需訂閱。
解鎖進階版即可備份並匯出所有潛水記錄。",OK
Open Source Licenses,Open Source Licenses,Open Source Licenses,Open-Source-Lizenzen,Άδειες ανοιχτού κώδικα,Licencias de código abierto,Licences open source,Licence otvorenog izvornog koda,Lisensi Open Source,Licenze open source,オープンソースライセンス,오픈 소스 라이선스,Lesen Sumber Terbuka,Opensource-licenties,Licenças de código aberto,ใบอนุญาตโอเพนซอร์ส,Giấy phép nguồn mở,开源授权,開源授權,OK
Opens System Settings to change the app display language,Opens System Settings to change the app display language,Opens System Settings to change the app display language,"Öffnet die Systemeinstellungen, um die App-Anzeigesprache zu ändern",Ανοίγει τις Ρυθμίσεις συστήματος για να αλλάξετε τη γλώσσα εμφάνισης της εφαρμογής,Abre los Ajustes del sistema para cambiar el idioma de la app,Ouvre les Réglages Système pour modifier la langue de l'app,Otvara postavke sustava za promjenu jezika prikaza aplikacije,Membuka Pengaturan Sistem untuk mengubah bahasa tampilan aplikasi,Apre le Impostazioni di Sistema per modificare la lingua dell'app,システム設定を開いてアプリの表示言語を変更します,시스템 설정을 열어 앱 표시 언어를 변경합니다,Membuka Tetapan Sistem untuk mengubah bahasa paparan aplikasi,Opent de Systeeminstellingen om de weergavetaal van de app te wijzigen,Abre as Definições do Sistema para alterar o idioma de exibição da app,เปิดการตั้งค่าระบบเพื่อเปลี่ยนภาษาที่แสดงของแอป,Mở Cài đặt hệ thống để thay đổi ngôn ngữ hiển thị của ứng dụng,打开系统设置以更改 App 显示语言,開啟系統設定以變更 App 顯示語言,OK
Opens file picker to choose a dive log file,Opens file picker to choose a dive log file,Opens file picker to choose a dive log file,"Öffnet die Dateiauswahl, um eine Taucherlogbuch-Datei auszuwählen",Ανοίγει τον επιλογέα αρχείων για την επιλογή αρχείου καταγραφής κατάδυσης,Abre el selector de archivos para elegir un diario de inmersiones,Ouvre le sélecteur de fichiers pour choisir un carnet de plongée,Otvara alat za odabir datoteka za odabir ronilačkog logbooka,Membuka pemilih file untuk memilih file logbook penyelaman,Apre il selettore di file per scegliere un giornale di immersione,ファイルピッカーを開いてダイビングログファイルを選択します,파일 선택기를 열어 다이빙 로그 파일을 선택합니다,Membuka pemilih fail untuk memilih fail log selam,Opent de bestandskiezer om een duiklogboekbestand te kiezen,Abre o seletor de ficheiros para escolher um ficheiro de diário de mergulhos,เปิดตัวเลือกไฟล์เพื่อเลือกไฟล์บันทึกการดำน้ำ,Mở trình chọn tệp để chọn tệp nhật ký lặn,打开文件选择器以选择潜水日志文件,開啟檔案選取器以選擇潛水日誌檔案,OK
Opens file picker to choose dive log files or a folder,Opens file picker to choose dive log files or a folder,Opens file picker to choose dive log files or a folder,"Öffnet die Dateiauswahl, um Tauchprotokolldateien oder einen Ordner auszuwählen",Ανοίγει τον επιλογέα αρχείων για να επιλέξετε αρχεία καταγραφής κατάδυσης ή φάκελο,Abre el selector de archivos para elegir archivos de registro de inmersión o una carpeta,Ouvre le sélecteur de fichiers pour choisir des carnets de plongée ou un dossier,Otvara alat za odabir datoteka za odabir datoteka dnevnika urona ili mape,Membuka pemilih file untuk memilih file log penyelaman atau folder,Apre il selettore di file per scegliere i file di registro di immersione o una cartella,ファイルピッカーを開いてダイビングログファイルまたはフォルダを選択します,파일 선택기를 열어 다이빙 로그 파일 또는 폴더를 선택합니다,Membuka pemilih fail untuk memilih fail log selam atau folder,Opent de bestandskiezer om duiklogbestanden of een map te kiezen,Abre o seletor de ficheiros para escolher ficheiros de diário de mergulhos ou uma pasta,เปิดตัวเลือกไฟล์เพื่อเลือกไฟล์บันทึกการดำน้ำหรือโฟลเดอร์,Mở trình chọn tệp để chọn tệp nhật ký lặn hoặc thư mục,打开文件选择器以选取潜水日志文件或文件夹,開啟檔案選取器以選取潛水日誌檔案或資料夾,OK
Opens iOS Settings to change the app display language,Opens iOS Settings to change the app display language,Opens iOS Settings to change the app display language,"Öffnet die iOS-Einstellungen, um die App-Anzeigesprache zu ändern",Ανοίγει τις Ρυθμίσεις iOS για την αλλαγή της γλώσσας εμφάνισης της εφαρμογής,Abre los ajustes de iOS para cambiar el idioma de la app,Ouvre les réglages iOS pour modifier la langue d'affichage de l'app,Otvara iOS postavke za promjenu jezika prikaza aplikacije,Membuka Pengaturan iOS untuk mengubah bahasa tampilan aplikasi,Apre le impostazioni iOS per modificare la lingua dell'app,iOSの設定を開いてアプリの表示言語を変更します,iOS 설정을 열어 앱 표시 언어를 변경합니다,Membuka Tetapan iOS untuk mengubah bahasa paparan aplikasi,Opent de iOS-instellingen om de weergavetaal van de app te wijzigen,Abre as Definições do iOS para alterar o idioma de exibição da app,เปิดการตั้งค่า iOS เพื่อเปลี่ยนภาษาที่แสดงของแอป,Mở Cài đặt iOS để thay đổi ngôn ngữ hiển thị của ứng dụng,打开 iOS 设置以更改 App 显示语言,開啟 iOS 設定以變更 App 顯示語言,OK
Outgoing,Outgoing,Outgoing,Ebbe,Αμπώτιδα,Marea vaciante,Descendante,Oseka,Surut,Marea calante,下げ潮,썰물,Surut,Eb,Vazante,น้ำลง,Triều xuống,退潮,退潮,OK
O₂,O₂,O₂,O₂,O₂,O₂,O₂,O₂,O₂,O₂,O₂,O₂,O₂,O₂,O₂,O₂,O₂,O₂,O₂,OK
O₂ %,O₂ %,O₂ %,O₂ %,O₂ %,O₂ %,O₂ %,O₂ %,O₂ %,O₂ %,O₂ %,O₂ %,O₂ %,O₂ %,O₂ %,O₂ %,O₂ %,O₂ %,O₂ %,OK
Parsing…,Parsing…,Parsing…,Wird analysiert…,Ανάλυση…,Analizando…,Analyse en cours…,Parsiranje…,Mengurai…,Analisi in corso…,解析中…,파싱 중…,Sedang menghurai…,Analyseren…,A analisar…,กำลังประมวลผล…,Đang phân tích dữ liệu…,解析中…,解析中…,OK
Premium,Premium,Premium,Premium,Premium,Premium,Premium,Premium,Premium,Premium,プレミアム,프리미엄,Premium,Premium,Premium,พรีเมียม,Premium,专业版,進階版,OK
Premium Unlocked,Premium Unlocked,Premium Unlocked,Premium freigeschaltet,Το Premium ξεκλειδώθηκε,Premium desbloqueado,Premium déverrouillé,Premium otključan,Premium Unlocked,Premium sbloccato,プレミアムロック解除済み,프리미엄 잠금 해제됨,Premium Dibuka Kunci,Premium ontgrendeld,Premium desbloqueado,ปลดล็อกพรีเมียมแล้ว,Đã mở khóa Premium,专业版已解锁,進階版已解鎖,OK
Premium restored successfully.,Premium restored successfully.,Premium restored successfully.,Premium erfolgreich wiederhergestellt.,Το Premium αποκαταστάθηκε επιτυχώς.,Premium restaurado con éxito.,Premium restauré avec succès.,Premium uspješno obnovljen.,Premium berhasil dipulihkan.,Premium ripristinato con successo.,プレミアムが正常に復元されました。,프리미엄이 성공적으로 복원되었습니다.,Premium berjaya dipulihkan.,Premium succesvol hersteld.,Premium restaurado com sucesso.,คืนค่าพรีเมียมสำเร็จแล้ว,Đã khôi phục thành công Premium.,专业版已成功恢复。,進階版已成功回復。,OK
Premium unlocked — Ads removed.,Premium unlocked — Ads removed.,Premium unlocked — Ads removed.,Premium freigeschaltet — Werbung entfernt.,Το Premium ξεκλειδώθηκε — Οι διαφημίσεις αφαιρέθηκαν.,Premium desbloqueado — Anuncios eliminados.,Premium débloqué — Publicités supprimées.,Premium otključan — Oglasi uklonjeni.,Premium Terbuka — Iklan Dihapus.,Premium sbloccato — Annunci rimossi.,プレミアム解除済み — 広告なし,프리미엄 해제됨 — 광고 제거됨,Premium Dibuka — Iklan Dibuang.,Premium ontgrendeld — Advertenties verwijderd.,Premium desbloqueado — Anúncios removidos.,ปลดล็อกพรีเมียมแล้ว — ไม่มีโฆษณา,Đã mở khóa Premium — Đã gỡ bỏ quảng cáo.,已解锁高级版 — 已移除广告。,已解鎖進階版 — 已移除廣告。,OK
Previous month,Previous month,Previous month,Letzter Monat,Προηγούμενος μήνας,Mes anterior,Mois précédent,Prethodni mjesec,Bulan sebelumnya,Mese precedente,先月,지난달,Bulan lepas,Vorige maand,Mês anterior,เดือนก่อนหน้า,Tháng trước,上个月,上個月,OK
Previous year,Previous year,Previous year,Vorheriges Jahr,Προηγούμενο έτος,Año anterior,Année précédente,Prethodna godina,Tahun lalu,Anno precedente,前年,이전 해,Tahun lepas,Vorig jaar,Ano anterior,ปีก่อนหน้า,Năm trước,上一年,前一年,OK
Rainy,Rainy,Rainy,Regnerisch,Βροχερός,Lluvioso,Pluvieux,Kišovito,Hujan,Piovoso,雨,비,Hujan,Regenachtig,Chuvoso,มีฝน,Mưa,下雨,下雨,OK
Remove Ads,Remove Ads,Remove Ads,Werbung entfernen,Αφαίρεση διαφημίσεων,Eliminar anuncios,Supprimer les publicités,Ukloni oglase,Hapus Iklan,Rimuovi annunci,広告を削除,광고 제거,Buang Iklan,Advertenties verwijderen,Remover anúncios,ลบโฆษณา,Gỡ bỏ quảng cáo,移除广告,移除廣告,OK
Remove All Ads,Remove All Ads,Remove All Ads,Alle Werbung entfernen,Αφαίρεση όλων των διαφημίσεων,Quitar todos los anuncios,Supprimer toutes les publicités,Ukloni sve oglase,Hapus Semua Iklan,Rimuovi tutti gli annunci,すべての広告を削除,모든 광고 제거,Buang Semua Iklan,Verwijder alle advertenties,Remover todos os anúncios,นำโฆษณาออกทั้งหมด,Gỡ bỏ tất cả quảng cáo,移除所有广告,移除所有廣告,OK
Restore,Restore,Restore,Wiederherstellen,Αποκατάσταση,Restaurar,Restaurer,Obnovi,Pulihkan,Ripristina,復元,복원,Pulihkan,Herstel,Restaurar,คืนค่า,Khôi phục,恢复,回復,OK
Restore Purchase,Restore Purchase,Restore Purchase,Kauf wiederherstellen,Ανάκτηση αγοράς,Restaurar compra,Restaurer l'achat,Obnovi kupnju,Pulihkan Pembelian,Ripristina acquisto,購入履歴を復元,구매 내역 복원,Pulihkan Pembelian,Aankoop herstellen,Restaurar compra,คืนค่าการซื้อ,Khôi phục giao dịch mua,恢复购买,回復購買,OK
Result,Result,Result,Ergebnis,Αποτέλεσμα,Resultado,Résultat,Rezultat,Hasil,Risultato,結果,결과,Hasil,Resultaat,Resultado,ผลลัพธ์,Kết quả,结果,結果,OK
Rough,Rough,Rough,Rau,Ταραγμένη,Agitado,Agité,Valovito,Berombak,Agitato,荒れ,파도 높음,Berombak,Ruw,Agitado,คลื่นแรง,Biển động,大浪,大浪,OK
S63 (8.6L),,,,,,,,,,,,,,,,,,,保留原文(單位/型號/App名)
S80 (12L),,,,,,,,,,,,,,,,,,,保留原文(單位/型號/App名)
Safety Stop,Safety Stop,Safety Stop,Sicherheitshalt,Ασφαλή στάση,Parada de seguridad,Arrêt de sécurité,Sigurnosni stoj,Perhentian keselamatan,Sosta di sicurezza,セーフティストップ,안전 스톱,Perhentian keselamatan,Veiligheid stop,Paragem de segurança,หยุดความปลอดภัย,Dừng an toàn,安全停留,安全停留,OK
Save,Save,Save,Sichern,Αποθήκευση,Guardar,Enregistrer,Spremi,Simpan,Salva,保存,저장,Simpan,Bewaar,Guardar,บันทึก,Lưu,存储,儲存,OK
Scanning files,Scanning files,Scanning files,Dateien werden gescannt,Σάρωση αρχείων,Escaneando archivos,Analyse des fichiers,Skeniranje datoteka,Memindai file,Scansione file in corso,ファイルをスキャン中,파일 스캔 중,Mengimbas fail,Bestanden scannen,A digitalizar ficheiros,กำลังสแกนไฟล์,Đang quét tệp,正在扫描文件,正在掃描檔案,OK
Scanning files…,Scanning files…,Scanning files…,Dateien werden gescannt…,Σάρωση αρχείων…,Escaneando archivos…,Analyse des fichiers…,Skeniranje datoteka…,Memindai file…,Scansione file in corso…,ファイルをスキャン中…,파일 스캔 중…,Mengimbas fail…,Bestanden scannen…,A digitalizar ficheiros…,กำลังสแกนไฟล์…,Đang quét tệp…,正在扫描文件…,正在掃描檔案…,OK
Seabear CSV,Seabear CSV,Seabear CSV,Seabear CSV,Seabear CSV,Seabear CSV,Seabear CSV,Seabear CSV,Seabear CSV,Seabear CSV,Seabear CSV,Seabear CSV,Seabear CSV,Seabear CSV,Seabear CSV,Seabear CSV,Seabear CSV,Seabear CSV,Seabear CSV,OK
Search location…,Search location…,Search location…,Ort suchen…,Αναζήτηση τοποθεσίας…,Buscar ubicación…,Rechercher un lieu…,Pretraži lokaciju…,Cari lokasi…,Cerca posizione…,場所を検索…,위치 검색…,Cari lokasi…,Zoek locatie…,Pesquisar localização…,ค้นหาสถานที่…,Tìm kiếm địa điểm…,搜索地点…,搜尋地點…,OK
Seawater,Seawater,Seawater,Meerwasser,Θαλασσινό νερό,Agua de mar,Eau de mer,Morska voda,Air Laut,Acqua di mare,海水,해수,Air Laut,Zeewater,Água salgada,น้ำทะเล,Nước biển,海水,海水,OK
Select,Select,Select,Auswählen,Επιλογή,Seleccionar,Sélectionner,Odaberite,Pilih,Seleziona,選択,선택,Pilih,Selecteer,Selecionar,เลือก,Chọn,选取,選取,OK
Select File,Select File,Select File,Datei auswählen,Επιλογή αρχείου,Seleccionar archivo,Sélectionner un fichier,Odaberi datoteku,Pilih File,Seleziona file,ファイルを選択,파일 선택,Pilih Fail,Selecteer bestand,Selecionar ficheiro,เลือกไฟล์,Chọn tệp,选取文件,選取檔案,OK
Select Files or Folder,Select Files or Folder,Select Files or Folder,Dateien oder Ordner auswählen,Επιλέξτε αρχεία ή φάκελο,Seleccionar archivos o carpeta,Sélectionner des fichiers ou dossier,Odaberite datoteke ili mapu,Pilih File atau Folder,Seleziona file o cartella,ファイルまたはフォルダを選択,파일 또는 폴더 선택,Pilih Fail atau Folder,Bestanden of map selecteren,Selecionar ficheiros ou pasta,เลือกไฟล์หรือโฟลเดอร์,Chọn tệp hoặc thư mục,选取文件或文件夹,選取檔案或資料夾,OK
Select a date to see dives.,Select a date to see dives.,Select a date to see dives.,"Wählen Sie ein Datum, um Tauchgänge anzuzeigen.",Επιλέξτε ημερομηνία για να δείτε καταδύσεις.,Selecciona una fecha para ver las inmersiones.,Sélectionnez une date pour voir les plongées.,Odaberite datum za prikaz urona.,Pilih tanggal untuk melihat penyelaman.,Seleziona una data per vedere le immersioni.,日付を選択してダイビングを表示します。,다이빙을 보려면 날짜를 선택하세요.,Pilih tarikh untuk melihat selam.,Selecteer een datum om duiken te bekijken.,Selecione uma data ver os mergulhos.,เลือกวันที่เพื่อดูไดฟ์,Chọn một ngày để xem các chuyến lặn.,选取日期以查看潜水记录。,選取日期以查看潛水紀錄。,OK
Select a date with dives from the calendar to view details.,Select a date with dives from the calendar to view details.,Select a date with dives from the calendar to view details.,"Wählen Sie ein Datum mit Tauchgängen aus dem Kalender aus, um Details anzuzeigen.",Επιλέξτε μια ημερομηνία με καταδύσεις από το ημερολόγιο για να δείτε λεπτομέρειες.,Selecciona una fecha con inmersiones en el calendario para ver los detalles.,Sélectionnez une date avec des plongées dans le calendrier pour voir les détails.,Odaberite datum s uronima iz kalendara za prikaz detalja.,Pilih tanggal dengan penyelaman dari kalender untuk melihat detail.,Seleziona una data con immersioni dal calendario per visualizzare i dettagli.,カレンダーからダイビングのある日付を選択して詳細を表示します。,상세 정보를 보려면 달력에서 다이빙이 있는 날짜를 선택하세요.,Pilih tarikh dengan selam daripada kalendar untuk melihat butiran.,Selecteer een datum met duiken in de kalender om details te bekijken.,Selecione uma data com mergulhos no calendário para ver os detalhes.,เลือกวันที่ที่มีไดฟ์จากปฏิทินเพื่อดูรายละเอียด,Chọn một ngày có các chuyến lặn từ lịch để xem chi tiết.,从日历中选取有潜水记录的日期以查看详情。,從日曆中選取有潛水紀錄的日期以查看詳情。,OK
Select a dive from the list to view details.,Select a dive from the list to view details.,Select a dive from the list to view details.,"Wählen Sie einen Tauchgang aus der Liste, um Details anzuzeigen.",Επιλέξτε μια κατάδυση από τη λίστα για να δείτε λεπτομέρειες.,Seleccione una inmersión de la lista para ver los detalles.,Sélectionnez une plongée dans la liste pour voir les détails.,Odaberite uron s popisa za prikaz detalja.,Pilih penyelaman dari daftar untuk melihat detail.,Seleziona un'immersione dall'elenco per visualizzare i dettagli.,リストからダイビングを選択して詳細を表示します。,목록에서 다이빙을 선택하여 상세 정보를 확인하세요.,Pilih selam dari senarai untuk melihat butiran.,Selecteer een duik uit de lijst om details te bekijken.,Selecione um mergulho da lista para ver os detalhes.,เลือกไดฟ์จากรายการเพื่อดูรายละเอียด,Chọn một chuyến lặn từ danh sách để xem chi tiết.,从列表中选取潜水日志以查看详情。,從列表中選取潛水日誌以查看詳情。,OK
Select year and month,Select year and month,Select year and month,Jahr und Monat auswählen,Επιλέξτε έτος και μήνα,Seleccionar año y mes,Sélectionner l'année et le mois,Odaberite godinu i mjesec,Pilih tahun dan bulan,Seleziona anno e mese,年と月を選択,연도 및 월 선택,Pilih tahun dan bulan,Selecteer jaar en maand,Selecionar ano e mês,เลือกปีและเดือน,Chọn năm và tháng,选取年份和月份,選取年份和月份,OK
Settings,Settings,Settings,Einstellungen,Ρυθμίσεις,Ajustes,Réglages,Postavke,Pengaturan,Impostazioni,設定,설정,Tetapan,Instellingen,Definições,การตั้งค่า,Cài đặt,设置,設定,OK
Settings coming soon,Settings coming soon,Settings coming soon,Einstellungen demnächst verfügbar,Οι ρυθμίσεις έρχονται σύντομα,Ajustes próximamente,Réglages bientôt disponibles,Postavke stižu uskoro,Pengaturan segera hadir,Impostazioni in arrivo,設定機能は近日公開予定,설정 곧 출시 예정,Tetapan akan datang,Instellingen binnenkort beschikbaar,Definições em breve,การตั้งค่าเร็ว ๆ นี้,Cài đặt sắp ra mắt,设置即将推出,設定即將推出,OK
Share File,Share File,Share File,Datei teilen,Κοινοποίηση αρχείου,Compartir archivo,Partager le fichier,Podijeli datoteku,Bagikan File,Condividi file,ファイルを共有,파일 공유,Kongsi Fail,Deel bestand,Partilhar ficheiro,แชร์ไฟล์,Chia sẻ tệp,发送文件,分享檔案,OK
Slack,Slack,Slack,Stillwasser,Στάση παλίρροιας,Marea muerta,Étale,Mrtva mijena,Air tenang,Stanca di marea,平潮,정조,Air tenang,Doodtij,Estofo,น้ำนิ่ง,Nước đứng,平潮,平潮,OK
Slight,Slight,Slight,Leichter Wellengang,Ήρεμη,Poco agitada,Calme,Mirno,Tenang,Poco mosso,穏やか,잔잔함,Tenang,Kalm,Pouco agitado,คลื่นเล็กน้อย,Biển êm,微浪,微浪,OK
Source Format,Source Format,Source Format,Quellformat,Μορφή προέλευσης,Formato de origen,Format source,Izvorni format,Format Sumber,Formato sorgente,ソース形式,소스 형식,Format Sumber,Bronformaat,Formato de origem,รูปแบบแหล่งที่มา,Định dạng nguồn,来源格式,來源格式,OK
Start Pressure,Start Pressure,Start Pressure,Startdruck,Πίεση έναρξης,Presión de inicio,Pression de démarrage,Početni tlak,Tekanan awal,Pressione iniziale,開始圧力,시작 압력,Tekanan awal,Startdruk,Pressão inicial,ความดันเริ่มต้น,Áp lực bắt đầu,起始压力,起始壓力,OK
Start Pressure: %.0f bar,Start Pressure: %.0f bar,Start Pressure: %.0f bar,Startdruck: %.0f bar,Πίεση έναρξης: %.0f bar,Presión inicial: %.0f bar,Pression initiale : %.0f bar,Početni tlak: %.0f bar,Tekanan awal: %.0f bar,Pressione iniziale: %.0f bar,開始圧力：%.0f bar,시작 압력: %.0f bar,Tekanan awal: %.0f bar,Startdruk: %.0f bar,Pressão inicial: %.0f bar,ความดันเริ่มต้น: %.0f bar,Áp lực bắt đầu: %.0f bar,起始压力：%.0f bar,起始壓力：%.0f bar,OK
Steel,Steel,Steel,Stahl,Χάλυβας,Acero,Acier,Čelik,Baja,Acciaio,鋼,강철,Baja,Staal,Aço,เหล็ก,Thép,钢,鋼,OK
Strong,Strong,Strong,Starke Strömung,Ισχυρό,Fuerte,Fort,Jako,Kuat,Forte,強流,강한 조류,Kuat,Sterk,Forte,แข็งแรง,Mạnh mẽ,强流,強流,OK
Subsurface CSV,Subsurface CSV,Subsurface CSV,Subsurface CSV,Subsurface CSV,Subsurface CSV,Subsurface CSV,Subsurface CSV,Subsurface CSV,Subsurface CSV,Subsurface CSV,Subsurface CSV,Subsurface CSV,Subsurface CSV,Subsurface CSV,Subsurface CSV,Subsurface CSV,Subsurface CSV,Subsurface CSV,OK
Subsurface XML,Subsurface XML,Subsurface XML,Subsurface XML,Subsurface XML,Subsurface XML,Subsurface XML,Subsurface XML,Subsurface XML,Subsurface XML,Subsurface XML,Subsurface XML,Subsurface XML,Subsurface XML,Subsurface XML,Subsurface XML,Subsurface XML,Subsurface XML,Subsurface XML,OK
Sunny,Sunny,Sunny,Sonnig,Ηλιόλουστα,Soleado,Ensoleillé,Sunčano,Cerah,Soleggiato,晴れ,맑음,Cerah,Zonnig,Ensolarado,แดด,Nắng đẹp,晴朗,晴朗,OK
Supported Formats,Supported Formats,Supported Formats,Unterstützte Formate,Υποστηριζόμενες μορφές,Formatos compatibles,Formats pris en charge,Podržani formati,Format yang Didukung,Formati supportati,対応形式,지원 형식,Format Disokong,Ondersteunde formaten,Formatos suportados,รูปแบบที่รองรับ,Định dạng hỗ trợ,支持格式,支援格式,OK
Surface,Surface,Surface,Oberfläche,Επιφάνεια,Superficie,Surface,Površina,Permukaan,Superficie,水面,수면,Permukaan,Oppervlakte,Superfície,ผิวน้ำ,Bề mặt,水面,水面,OK
Surface Condition,Surface Condition,Surface Condition,Oberflächenzustand,Κατάσταση επιφάνειας,Condición de la superficie,État de la surface,Stanje površine,Kondisi permukaan,Condizione della superficie,水面状態,수면 상태,Keadaan permukaan,Oppervlaktetoestand,Condição da superfície,สภาพผิวน้ำ,Điều kiện bề mặt,水面状况,水面狀況,OK
Suunto JSON,Suunto JSON,Suunto JSON,Suunto JSON,Suunto JSON,Suunto JSON,Suunto JSON,Suunto JSON,Suunto JSON,Suunto JSON,Suunto JSON,Suunto JSON,Suunto JSON,Suunto JSON,Suunto JSON,Suunto JSON,Suunto JSON,Suunto JSON,Suunto JSON,OK
Switch to Calendar View,Switch to Calendar View,Switch to Calendar View,Zur Kalenderansicht wechseln,Αλλαγή σε προβολή ημερολογίου,Cambiar a vista de calendario,Passer à la vue calendrier,Prebaci na prikaz kalendara,Beralih ke Tampilan Kalender,Passa alla vista calendario,カレンダービューに切り替え,달력 뷰로 전환,Tukar ke Paparan Kalendar,Schakel over naar kalenderweergave,Mudar para Vista de Calendário,เปลี่ยนเป็นมุมมองปฏิทิน,Chuyển sang giao diện lịch,切换至日历视图,切換至日曆檢視,OK
Switch to Hybrid Map,Switch to Hybrid Map,Switch to Hybrid Map,Zur Satellitenkarte wechseln,Αλλαγή σε υβριδικό χάρτη,Cambiar a mapa híbrido,Passer à la carte hybride,Prebaci na hibridnu kartu,Beralih ke Peta Hibrid,Passa alla mappa ibrida,ハイブリッドマップに切り替え,하이브리드 지도로 전환,Tukar ke Peta Hibrid,Schakel over naar hybride kaart,Mudar para Mapa Híbrido,เปลี่ยนเป็นแผนที่ไฮบริด,Chuyển sang bản đồ hỗn hợp,切换至卫星混合地图,切換至衛星混合地圖,OK
Switch to List View,Switch to List View,Switch to List View,Zur Listenansicht wechseln,Αλλαγή σε προβολή λίστας,Cambiar a vista de lista,Passer à la vue liste,Prebaci na prikaz popisa,Beralih ke Tampilan Daftar,Passa alla vista elenco,リストビューに切り替え,목록 뷰로 전환,Tukar ke Paparan Senarai,Schakel over naar lijstweergave,Mudar para Vista de Lista,เปลี่ยนเป็นมุมมองรายการ,Chuyển sang giao diện danh sách,切换至列表视图,切換至清單檢視,OK
Switch to Standard Map,Switch to Standard Map,Switch to Standard Map,Zur Standardkarte wechseln,Αλλαγή σε τυπικό χάρτη,Cambiar a mapa estándar,Passer à la carte standard,Prebaci na standardnu kartu,Beralih ke Peta Standar,Passa alla mappa standard,標準マップに切り替え,표준 지도로 전환,Tukar ke Peta Standard,Schakel over naar standaardkaart,Mudar para Mapa Padrão,เปลี่ยนเป็นแผนที่มาตรฐาน,Chuyển sang bản đồ tiêu chuẩn,切换至标准地图,切換至標準地圖,OK
System Settings,System Settings,System Settings,Systemeinstellungen,Ρυθμίσεις συστήματος,Ajustes del sistema,Réglages Système,Postavke sustava,Pengaturan Sistem,Impostazioni di Sistema,システム設定,시스템 설정,Tetapan Sistem,Systeeminstellingen,Definições do Sistema,การตั้งค่าระบบ,Cài đặt hệ thống,系统设置,系統設定,OK
This action cannot be undone.,This action cannot be undone.,This action cannot be undone.,Diese Aktion kann nicht rückgängig gemacht werden.,Αυτή η ενέργεια δεν μπορεί να αναιρεθεί.,Esta acción no se puede deshacer.,Cette action ne peut pas être annulée.,Ova radnja se ne može poništiti.,Tindakan ini tidak dapat dibatalkan.,Questa azione non può essere annullata.,この操作は取り消せません。,이 작업은 취소할 수 없습니다.,Tindakan ini tidak boleh dibatalkan.,Deze actie kan niet ongedaan worden gemaakt.,Esta ação não pode ser desfeita.,การดำเนินการนี้ไม่สามารถย้อนกลับได้,Hành động này không thể hoàn tác.,此操作无法撤销。,此操作無法復原。,OK
Tide State,Tide State,Tide State,Gezeitenstand,Κατάσταση παλιρροίας,Estado de la marea,État de la marée,Stanje plime,Keadaan pasang surut,Stato della marea,潮汐状態,조석 상태,Keadaan pasang surut,Getijdentoestand,Estado da maré,สภาพน้ำขึ้นน้ำลง,Trạng thái thủy triều,潮汐状态,潮汐狀態,OK
Time,Time,Time,Zeit,Ώρα,Hora,Heure,Vrijeme,Waktu,Ora,時刻,시간,Masa,Tijd,Hora,เวลา,Thời gian,时间,時間,OK
Total Time,Total Time,Total Time,Gesamtzeit,Συνολικός χρόνος,Tiempo total,Temps total,Ukupno vrijeme,Total Waktu,Tempo totale,合計時間,총 시간,Jumlah Masa,Totale tijd,Tempo total,เวลาทั้งหมด,Tổng thời gian,总时间,總時間,OK
Trimix,Trimix,Trimix,Trimix,Trimix,Trimix,Trimix,Trimix,Trimix,Trimix,Trimix,Trimix,Trimix,Trimix,Trimix,Trimix,Trimix,混合气体,混合氣體,OK
Try Again,Try Again,Try Again,Erneut versuchen,Δοκιμάστε ξανά,Reintentar,Réessayer,Pokušaj ponovno,Coba Lagi,Riprova,もう一度お試しください,다시 시도,Cuba Lagi,Probeer opnieuw,Tentar novamente,ลองอีกครั้ง,Thử lại,重试,重試,OK
Unknown Location,Unknown Location,Unknown Location,Unbekannter Ort,Άγνωστη τοποθεσία,Ubicación desconocida,Lieu inconnu,Nepoznata lokacija,Lokasi Tidak Diketahui,Posizione sconosciuta,場所不明,알 수 없는 위치,Lokasi Tidak Diketahui,Onbekende locatie,Localização desconhecida,ไม่ทราบสถานที่,Địa điểm không xác định,未知地点,未知地點,OK
Unlock for %@,Unlock for %@,Unlock for %@,Freischalten für %@,Ξεκλείδωμα για %@,Desbloquear por %@,Déverrouiller pour %@,Otključaj za %@,Buka kunci seharga %@,Sblocca per %@,%@でロック解除,%@으로 잠금 해제,Buka kunci dengan %@,Ontgrendel voor %@,Desbloquear por %@,ปลดล็อกในราคา %@,Mở khóa với giá %@,以 %@ 解锁,以 %@ 解鎖,OK
Use the Import tab to add your dive computer logs.,Use the Import tab to add your dive computer logs.,Use the Import tab to add your dive computer logs.,"Verwenden Sie den Import-Tab, um Ihre Tauchcomputer-Logbücher hinzuzufügen.",Χρησιμοποιήστε την καρτέλα Εισαγωγή για να προσθέσετε καταγραφές από το καταδυτικό σας κομπιούτερ.,Usa la pestaña Importar para añadir los diarios de tu ordenador de buceo.,Utilisez l'onglet Importer pour ajouter les carnets de votre ordinateur.,Upotrijebite karticu Uvoz za dodavanje zapisa s ronilačkog računala.,Gunakan tab Impor untuk menambahkan logbook komputer selam Anda.,Usa la scheda Importa per aggiungere i registri del tuo computer subacqueo.,「取り込み」タブからダイビングコンピューターのログを追加してください。,가져오기 탭을 사용하여 다이빙 컴퓨터 로그를 추가하세요.,Gunakan tab Import untuk menambah log komputer selam anda.,Gebruik het tabblad Importeer om de logboeken van je duikcomputer toe te voegen.,Utilize o separador Importar para adicionar os registos do seu computador de mergulho.,ใช้แท็บนำเข้าเพื่อเพิ่มบันทึกจากคอมพิวเตอร์ดำน้ำของคุณ,Sử dụng tab Nhập để thêm nhật ký máy tính lặn của bạn.,前往「导入」标签页添加潜水电脑日志。,前往「匯入」標籤頁來新增潛水電腦日誌。,OK
Version,Version,Version,Version,Έκδοση,Versión,Version,Verzija,Versi,Versione,バージョン,버전,Versi,Versie,Versão,เวอร์ชัน,Phiên bản,版本,版本,OK
Version %@,Version %@,Version %1$@,Version %1$@,Έκδοση %1$@,Versión %1$@,Version %1$@,Verzija %1$@,Versi %1$@,Versione %1$@,バージョン %1$@,버전 %1$@,Versi %1$@,Versie %1$@,Versão %1$@,เวอร์ชัน %1$@,Phiên bản %1$@,版本 %1$@,版本 %1$@,OK
Visibility,Visibility,Visibility,Sichtweite,Ορατότητα,Visibilidad,Visibilité,Vidljivost,Visibilitas,Visibilità,能見度,가시거리,Visibilitas,Zicht,Visibilidade,ระดับความเห็น,Khả năng nhìn thấy,能见度,能見度,OK
Visibility: %.1f metres,Visibility: %.1f m,Visibility: %.1f m,Sicht: %.1f m,Ορατότητα: %.1f m,Visibilidad: %.1f m,Visibilité : %.1f m,Vidljivost: %.1f m,Jarak pandang: %.1f m,Visibilità: %.1f m,透明度：%.1f m,시야: %.1f m,Jarak penglihatan: %.1f m,Zicht: %.1f m,Visibilidade: %.1f m,ทัศนวิสัย: %.1f ม.,Tầm nhìn: %.1f m,能见度：%.1f m,能見度：%.1f m,OK
Water Flow,Water Flow,Water Flow,Wasserströmung,Ροή νερού,Corriente de agua,Courant d'eau,Vodena struja,Arus air,Corrente d'acqua,水流,수류,Arus air,Waterstroom,Corrente de água,กระแสน้ำ,Dòng nước,水流,水流,OK
Water Temp,Water Temp,Water Temp,Wassertemp.,Θερμ. νερού,Temp. agua,Temp. eau,Temp. vode,Suhu Air,Temp. acqua,水温,수온,Suhu Air,Watertemp.,Temp. água,อุณหภูมิน้ำ,Nhiệt độ nước,水温,水溫,OK
Water Temperature: %.1f degrees Celsius,Water Temperature: %.1f °C,Water Temperature: %.1f °C,Wassertemperatur: %.1f °C,Θερμοκρασία νερού: %.1f °C,Temperatura del agua: %.1f °C,Température de l'eau : %.1f °C,Temperatura vode: %.1f Celzijevih stupnjeva,Suhu Air: %.1f °C,Temperatura dell'acqua: %.1f °C,水温：%.1f °C,수온: %.1f도,Suhu Air: %.1f °C,Watertemperatuur: %.1f °C,Temperatura da água: %.1f °C,อุณหภูมิน้ำ: %.1f °C,Nhiệt độ nước: %.1f °C,水温：%.1f °C,水溫：%.1f °C,OK
Water Type,Water Type,Water Type,Wasserart,Τύπος νερού,Tipo de agua,Type d'eau,Vrsta vode,Jenis Air,Tipo di acqua,水の種類,수질 유형,Jenis Air,Watertype,Tipo de água,ประเภทน้ำ,Loại nước,水域类型,水域類型,OK
Weather,Weather,Weather,Wetter,Καιρός,Clima,Météo,Vrijeme,Cuaca,Tempo,天気,날씨,Cuaca,Weer,Tempo,สภาพอากาศ,Thời tiết,天气,天氣,OK
Weight,Weight,Weight,Gewicht,Βάρος,Peso,Poids,Težina,Berat,Peso,ウェイト,무게,Berat,Gewicht,Peso,น้ำหนัก,Trọng lượng,配重,配重,OK
Weight Total,Weight Total,Weight Total,Gesamtblei,Συνολικό βάρος,Lastro total,Lest total,Ukupno olovo,Total Pemberat,Zavorra totale,総ウエイト,총 웨이트,Total Pemberat,Totaal lood,Lastro total,น้ำหนักตะกั่วรวม,Tổng chì,总配重,總配重,OK
Weight: %.1f kilograms,Weight: %.1f kilograms,Weight: %.1f kilograms,Bleigewicht: %.1f kg,Βάρος: %.1f κιλά,Lastre: %.1f kg,Lest : %.1f kg,Olovo: %.1f kg,Pemberat: %.1f kg,Zavorra: %.1f kg,ウエイト：%.1f kg,웨이트: %.1f kg,Pemberat: %.1f kg,Lood: %.1f kg,Lastro: %.1f kg,น้ำหนักตะกั่ว: %.1f กิโลกรัม,Trọng lượng chì: %.1f kg,配重：%.1f 公斤,配重：%.1f 公斤,OK
Wetsuit,Wetsuit,Wetsuit,Neoprenanzug,Κοστούμι,Traje de neopreno,Combinaison,Neopreni,Pakaian Menyelam,Muta,ウェットスーツ,잠수복,Pakaian Menyelam,Duikpak,Fato de mergulho,ชุดดำน้ำ,Bộ đồ lặn,濕衣,防寒衣,OK
Wetsuit Thickness,Wetsuit Thickness,Wetsuit Thickness,Neoprendicke,Πάχος κοστουμιού,Grosor del traje,Épaisseur de la combinaison,Debljina neoprenske odjeće,Ketebalan wetsuit,Spessore della muta,ウェットスーツの厚さ,웨트슈트 두께,Ketebalan wetsuit,Dikte van het pak,Espessura do fato,ความหนาของชุดลำน้ำ,Độ dày của bộ đồ,潜水服厚度,防寒衣厚度,OK
Year,Year,Year,Jahr,Έτος,Año,Année,Godina,Tahun,Anno,年,년,Tahun,Jaar,Ano,ปี,Năm,年,年,OK
bar,,,,,,,,,,,,,,,,,,,保留原文(單位/型號/App名)
iOS Settings,iOS Settings,iOS Settings,iOS-Einstellungen,Ρυθμίσεις iOS,Ajustes de iOS,Réglages iOS,iOS postavke,Pengaturan iOS,Impostazioni iOS,iOSの設定,iOS 설정,Tetapan iOS,iOS-instellingen,Definições do iOS,การตั้งค่า iOS,Cài đặt iOS,iOS 设置,iOS 設定,OK
kg,,,,,,,,,,,,,,,,,,,保留原文(單位/型號/App名)
m,m,m,m,μ.,m,m,m,m,m,m,m,m,m,m,ม.,m,m,m,OK
min,min,min,min,min,min,min,min,min,min,分,분,min,min,min,นาที,phút,分钟,分鐘,OK
mm,,,,,,,,,,,,,,,,,,,保留原文(單位/型號/App名)
°C,°C,°C,°C,°C,°C,°C,°C,°C,°C,°C,°C,°C,°C,°C,°C,°C,°C,°C,OK
