Key,Context / Comment,Status,en,zh-Hans,zh-Hant,ja,ko,fr,es,it,pt-PT,nl,de,en-GB,el,th,vi,ms,id,hr
%@ %@,Combines value + label,🔧 Technical,%1$@ %2$@,%1$@ %2$@,%1$@ %2$@,%1$@ %2$@,%1$@ %2$@,%1$@ %2$@,%1$@ %2$@,%1$@ %2$@,%1$@ %2$@,%1$@ %2$@,%1$@ %2$@,%1$@ %2$@,%1$@ %2$@,%1$@ %2$@,%1$@ %2$@,%1$@ %2$@,%1$@ %2$@,%1$@ %2$@
%@: %@,label: value,🔧 Technical,%1$@: %2$@,%1$@: %2$@,%1$@: %2$@,%1$@: %2$@,%1$@: %2$@,%1$@: %2$@,%1$@: %2$@,%1$@: %2$@,%1$@: %2$@,%1$@: %2$@,%1$@: %2$@,%1$@: %2$@,%1$@: %2$@,%1$@: %2$@,%1$@: %2$@,%1$@: %2$@,%1$@: %2$@,%1$@: %2$@
%@: %@%@,label: value+unit,🔧 Technical,%1$@: %2$@%3$@,%1$@: %2$@%3$@,%1$@: %2$@%3$@,%1$@: %2$@%3$@,%1$@: %2$@%3$@,%1$@: %2$@%3$@,%1$@: %2$@%3$@,%1$@: %2$@%3$@,%1$@: %2$@%3$@,%1$@: %2$@%3$@,%1$@: %2$@%3$@,%1$@: %2$@%3$@,%1$@: %2$@%3$@,%1$@: %2$@%3$@,%1$@: %2$@%3$@,%1$@: %2$@%3$@,%1$@: %2$@%3$@,%1$@: %2$@%3$@
%@. %@,title. subtitle,🔧 Technical,%1$@. %2$@,%1$@. %2$@,%1$@. %2$@,%1$@. %2$@,%1$@. %2$@,%1$@. %2$@,%1$@. %2$@,%1$@. %2$@,%1$@. %2$@,%1$@. %2$@,%1$@. %2$@,%1$@. %2$@,%1$@. %2$@,%1$@. %2$@,%1$@. %2$@,%1$@. %2$@,%1$@. %2$@,%1$@. %2$@
%lld,Step number,🔧 Technical,%lld,%lld,%lld,%lld,%lld,%lld,%lld,%lld,%lld,%lld,%lld,%lld,%lld,%lld,%lld,%lld,%lld,%lld
%lld%%,O₂ percentage,🔧 Technical,%lld%%,%lld%%,%lld%%,%lld%%,%lld%%,%lld%%,%lld%%,%lld%%,%lld%%,%lld%%,%lld%%,%lld%%,%lld%%,%lld%%,%lld%%,%lld%%,%lld%%,%lld%%
°C,Temperature unit,🔧 Technical,°C,°C,°C,°C,°C,°C,°C,°C,°C,°C,°C,°C,°C,°C,°C,°C,°C,°C
O₂,Oxygen symbol,🔧 Technical,O₂,O₂,O₂,O₂,O₂,O₂,O₂,O₂,O₂,O₂,O₂,O₂,O₂,O₂,O₂,O₂,O₂,O₂
O₂ %,Oxygen % label,🔧 Technical,O₂ %,O₂ %,O₂ %,O₂ %,O₂ %,O₂ %,O₂ %,O₂ %,O₂ %,O₂ %,O₂ %,O₂ %,O₂ %,O₂ %,O₂ %,O₂ %,O₂ %,O₂ %
"%@, %@ m, %@","Location, depth, duration",✅ Active,"%1$@, %2$@ m, %3$@","%1$@, %2$@ 米, %3$@","%1$@, %2$@ 公尺, %3$@",%1$@、%2$@ m、%3$@,"%1$@, %2$@m, %3$@","%1$@, %2$@ m, %3$@","%1$@, %2$@ m, %3$@","%1$@, %2$@ m, %3$@","%1$@, %2$@ m, %3$@","%1$@, %2$@ m, %3$@","%1$@, %2$@ m, %3$@","%1$@, %2$@ m, %3$@","%1$@, %2$@ μ., %3$@","%1$@, %2$@ ม., %3$@","%1$@, %2$@ m, %3$@","%1$@, %2$@ m, %3$@","%1$@, %2$@ m, %3$@","%1$@, %2$@ m, %3$@"
%d dives,Export dive count,✅ Active,%d dives,%d 次潜水,%d 次潛水,%d 回のダイビング,%d 다이빙,%d plongées,%d inmersiones,%d immersioni,%d mergulhos,%d duiken,%d Tauchgänge,%d dives,%d καταδύσεις,%d ไดฟ์,%d lần lặn,%d selam,%d penyelaman,%d urona
%lld dive%@ imported,Import success count,✅ Active,%1$lld dive%2$@ imported,已导入 %1$lld 次潜水%2$@,已匯入 %1$lld 次潛水%2$@,%1$lld 回のダイビング%2$@を読み込みました,%1$lld개의 다이빙%2$@ 가져옴,%1$lld plongée%2$@ importée,%1$lld inmersión%2$@ importada,%1$lld immersione%2$@ importata,%1$lld mergulho%2$@ importado,%1$lld duik%2$@ geïmporteerd,%1$lld Tauchgang%2$@ importiert,%1$lld dive%2$@ imported,Εισηγμένη καταγραφή %1$lld %2$@,นำเข้า %1$lld ไดฟ์%2$@ แล้ว,Đã nhập %1$lld lần lặn%2$@,%1$lld selam%2$@ diimport,%1$lld penyelaman%2$@ diimport,Uvezeno %1$lld urona%2$@
%lld min,Duration in minutes,✅ Active,%lld min,%lld 分钟,%lld 分鐘,%lld 分,%lld분,%lld min,%lld min,%lld min,%lld min,%lld min,%lld min,%lld min,%lld λεπ,%lld นาที,%lld phút,%lld min,%lld menit,%lld min
%lld skipped (duplicates),Skip count,✅ Active,%lld skipped (duplicates),已跳过 %lld 笔（重复）,已跳過 %lld 筆（重複）,%lld 件スキップ（重複）,%lld개 건너뜀 (중복),%lld ignorée(s) (doublon),%lld omitida(s) (duplicada),%lld ignorata(e) (duplicato),%lld ignorado (duplicado),%lld overgeslagen (duplicaten),%lld übersprungen (Duplikate),%lld skipped (duplicates),%lld παραλείφθηκαν (διπλότυπα),ข้าม %lld ไดฟ์ (ซ้ำ),Đã bỏ qua %lld (trùng lặp),%lld dilangkau (pendua),%lld dilewati (duplikat),%lld preskočeno (duplikati)
Buy Premium for %@,Purchase button a11y,✅ Active,Buy Premium for %@,以 %@ 购买专业版,以 %@ 購買進階版,%@でプレミアムを購入,%@으로 프리미엄 구매,Acheter Premium pour %@,Comprar Premium por %@,Acquista Premium per %@,Comprar Premium por %@,Koop Premium voor %@,Premium kaufen für %@,Buy Premium for %@,Αγορά Premium για %@,ซื้อพรีเมียมในราคา %@,Mua Premium với giá %@,Beli Premium untuk %@,Beli Premium seharga %@,Kupi Premium za %@
Duration: %d minutes,a11y label,✅ Active,Duration: %d minutes,时长：%d 分钟,時長：%d 分鐘,時間：%d 分,지속 시간: %d분,Durée : %d minutes,Duración: %d minutos,Durata: %d minuti,Duração: %d minutos,Duur: %d minuten,Dauer: %d Minuten,Duration: %d minutes,Διάρκεια: %d λεπτά,ระยะเวลา: %d นาที,Thời gian lặn: %d phút,Tempoh: %d minit,Durasi: %d menit,Trajanje: %d minuta
Export all %d dives,Export all button,✅ Active,Export all %d dives,导出所有 %d 笔潜水记录,匯出所有 %d 筆潛水記錄,%d 件のダイビングをすべて書き出す,모든 %d개 다이빙 내보내기,Exporter les %d plongées,Exportar las %d inmersiones,Esporta tutte le %d immersioni,Exportar todos os %d mergulhos,Exporteer alle %d duiken,Alle %d Tauchgänge exportieren,Export all %d dives,Εξαγωγή όλων των %d καταδύσεων,ส่งออกทั้ง %d ไดฟ์,Xuất tất cả %d lần lặn,Eksport semua %d selam,Ekspor semua %d penyelaman,Izvezi svih %d urona
Max Depth: %.1f metres,a11y label,✅ Active,Max Depth: %.1f metres,最大深度：%.1f 米,最大深度：%.1f 公尺,最大水深：%.1f m,최대 깊이: %.1f미터,Profondeur max : %.1f mètres,Profundidad máx.: %.1f metros,Profondità max: %.1f metri,Profundidade máx.: %.1f metros,Max. diepte: %.1f meter,Maximale Tiefe: %.1f Meter,Max Depth: %.1f metres,Μέγιστο βάθος: %.1f μέτρα,ความลึกสูงสุด: %.1f เมตร,Độ sâu tối đa: %.1f mét,Kedalaman Maks: %.1f meter,Kedalaman Maksimum: %.1f meter,Maks. dubina: %.1f metara
Nitrox O2: %d percent,a11y label,✅ Active,Nitrox O2: %d percent,富氧空气 O₂：%d%%,富氧空氣 O₂：%d%%,ナイトロックス O₂：%dパーセント,나이트록스 O₂: %d퍼센트,Nitrox O₂ : %d pour cent,Nitrox O₂: %d por ciento,Nitrox O₂: %d percento,Nitrox O₂: %d por cento,Nitrox O₂: %d procent,Nitrox O₂: %d Prozent,Nitrox O₂: %d percent,Nitrox O₂: %d τοις εκατό,ไนตรอกซ์ O₂: %d เปอร์เซ็นต์,Nitrox O₂: %d phần trăm,Nitrox O₂: %d peratus,Nitrox O₂: %d persen,Nitrox O₂: %d posto
Unlock for %@,Purchase button,✅ Active,Unlock for %@,以 %@ 解锁,以 %@ 解鎖,%@でロック解除,%@으로 잠금 해제,Déverrouiller pour %@,Desbloquear por %@,Sblocca per %@,Desbloquear por %@,Ontgrendel voor %@,Freischalten für %@,Unlock for %@,Ξεκλείδωμα για %@,ปลดล็อกในราคา %@,Mở khóa với giá %@,Buka kunci dengan %@,Buka kunci seharga %@,Otključaj za %@
Version %@,a11y label,✅ Active,Version %@,版本 %1$@,版本 %1$@,バージョン %1$@,버전 %1$@,Version %1$@,Versión %1$@,Versione %1$@,Versão %1$@,Versie %1$@,Version %1$@,Version %1$@,Έκδοση %1$@,เวอร์ชัน %1$@,Phiên bản %1$@,Versi %1$@,Versi %1$@,Verzija %1$@
Water Temperature: %.1f degrees Celsius,a11y,✅ Active,Water Temperature: %.1f degrees Celsius,水温：%.1f 摄氏度,水溫：%.1f 攝氏度,水温：%.1f ℃,수온: %.1f도,Température de l'eau : %.1f degrés Celsius,Temperatura del agua: %.1f grados Celsius,Temperatura dell'acqua: %.1f gradi Celsius,Temperatura da água: %.1f graus Celsius,Watertemperatuur: %.1f graden Celsius,Wassertemperatur: %.1f Grad Celsius,Water Temperature: %.1f degrees Celsius,Θερμοκρασία νερού: %.1f βαθμοί Κελσίου,อุณหภูมิน้ำ: %.1f องศาเซลเซียส,Nhiệt độ nước: %.1f độ C,Suhu Air: %.1f darjah Celsius,Suhu Air: %.1f derajat Celsius,Temperatura vode: %.1f Celzijevih stupnjeva
About,Settings section header,✅ Active,About,关于,關於,情報,정보,À propos,Acerca de,Info,Sobre,Over,Über,About,Σχετικά,เกี่ยวกับ,Giới thiệu,Mengenai,Tentang,O aplikaciji
Active,Status label,✅ Active,Active,已启用,已啟用,有効,활성,Actif,Activo,Attivo,Ativo,Actief,Aktiv,Active,Ενεργό,เปิดใช้งาน,Hoạt động,Aktif,Aktif,Aktivno
Add New Dive,Accessibility label,✅ Active,Add New Dive,新增潜水,新增潛水,新しいダイビングを追加,새 다이빙 추가,Ajouter une plongée,Añadir inmersión,Aggiungi immersione,Adicionar mergulho,Voeg duik toe,Tauchgang hinzufügen,Add New Dive,Προσθήκη κατάδυσης,เพิ่มไดฟ์ใหม่,Thêm lặn mới,Tambah Selam Baru,Tambah Penyelaman Baru,Dodaj novi uron
Air,Gas mix: air,✅ Active,Air,空气,空氣,空気,공기,Air,Aire,Aria,Ar,Lucht,Luft,Air,Αέρας,อากาศ,Không khí,Udara,Udara,Zrak
Altitude,Dive environment type,✅ Active,Altitude,高海拔,高海拔,高地,고도,Altitude,Altitud,Altitudine,Altitude,Altitude,Höhe,Altitude,Υψόμετρο,ความสูง,Altitude,Altitud,Ketinggian,Nadmorska visina
App Language,Settings row label,✅ Active,App Language,App 语言,App 語言,Appの言語,앱 언어,Langue de l'app,Idioma de la app,Lingua dell'app,Idioma da app,App-taal,App-Sprache,App Language,Γλώσσα εφαρμογής,ภาษาแอป,Ngôn ngữ ứng dụng,Bahasa Aplikasi,Bahasa Aplikasi,Jezik aplikacije
Auto-detects format from file content,Import subtitle,✅ Active,Auto-detects format from file content,自动从文件内容检测格式,自動從檔案內容偵測格式,ファイル内容から形式を自動検出,파일 내용에서 형식 자동 감지,Détection automatique du format,Detecta formato del contenido,Rileva formato dal contenuto,Deteta o formato pelo conteúdo,Formaat automatisch detecteren,Format automatisch erkennen,Auto-detects format from file content,Αυτόματη ανίχνευση μορφής,ตรวจพบรูปแบบอัตโนมัติ,Tự động phát hiện định dạng,Kesan format secara automatik,Deteksi otomatis format file,Automatski detektira format
Buddy,Dive detail field,✅ Active,Buddy,潜伴,潛伴,バディ,버디,Binôme,Compañero,Compagno,Dupla,Buddy,Buddy,Buddy,Ζευγάρι,คู่ดำน้ำ,Bạn lặn,Buddy,Buddy,Ronilački partner
Buddy Name (optional),TextField placeholder,✅ Active,Buddy Name (optional),潜伴姓名（可选）,潛伴姓名（可選）,バディ名（任意）,버디 이름 (선택),Nom du binôme (facultatif),Nombre del compañero (opcional),Nome compagno (opzionale),Nome da dupla (opcional),Naam buddy (optioneel),Name des Buddys (optional),Buddy Name (optional),Όνομα ζευγαριού (προαιρετικό),ชื่อคู่ดำน้ำ (ไม่บังคับ),Tên bạn lặn (tùy chọn),Nama Buddy (pilihan),Nama Buddy (opsional),Ime partnera (opcionalno)
Cancel,Cancel button,✅ Active,Cancel,取消,取消,キャンセル,취소,Annuler,Cancelar,Annulla,Cancelar,Annuleer,Abbrechen,Cancel,Ακύρωση,ยกเลิก,Hủy,Batal,Batal,Odustani
Close,Dismiss button,✅ Active,Close,关闭,關閉,閉じる,닫기,Fermer,Cerrar,Chiudi,Fechar,Sluit,Schließen,Close,Κλείσιμο,ปิด,Đóng,Tutup,Tutup,Zatvori
Coordinates,Dive detail field,✅ Active,Coordinates,坐标,座標,座標,좌표,Coordonnées,Coordenadas,Coordinate,Coordenadas,Coördinaten,Koordinaten,Coordinates,Συντεταγμένες,พิกัด,Tọa độ,Koordinat,Koordinat,Koordinate
CSV (.csv),Export format button,✅ Active,CSV (.csv),CSV 格式 (.csv),CSV 格式 (.csv),CSV (.csv),CSV (.csv),CSV (.csv),CSV (.csv),CSV (.csv),CSV (.csv),CSV (.csv),CSV (.csv),CSV (.csv),CSV (.csv),CSV (.csv),CSV (.csv),CSV (.csv),CSV (.csv),CSV (.csv)
Date & Time,DatePicker label,✅ Active,Date & Time,日期与时间,日期與時間,日時,날짜 및 시간,Date et heure,Fecha y hora,Data e ora,Data e hora,Datum en tijd,Datum & Uhrzeit,Date & Time,Ημερομηνία & Ώρα,วันที่และเวลา,Ngày & Giờ,Tarikh & Masa,Tanggal & Waktu,Datum i vrijeme
Dive Data,Section header,✅ Active,Dive Data,潜水数据,潛水數據,ダイビングデータ,다이빙 데이터,Données de plongée,Datos de la inmersión,Dati immersione,Dados de mergulho,Duikgegevens,Tauchdaten,Dive Data,Δεδομένα κατάδυσης,ข้อมูลไดฟ์,Dữ liệu lặn,Data Selam,Data Penyelaman,Podaci o uronu
Dive Details,Nav title,✅ Active,Dive Details,潜水详情,潛水詳細資料,ダイビングの詳細,다이빙 상세 정보,Détails de la plongée,Detalles de la inmersión,Dettagli immersione,Detalhes do mergulho,Duikdetails,Tauchdetails,Dive Details,Λεπτομέρειες κατάδυσης,รายละเอียดไดฟ์,Chi tiết chuyến lặn,Butiran Selam,Detail Penyelaman,Detalji urona
Dive Info,Section header,✅ Active,Dive Info,潜水信息,潛水資訊,ダイビング情報,다이빙 정보,Infos de plongée,Información de inmersión,Info immersione,Informações do mergulho,Duikinfo,Tauchinfos,Dive Info,Πληροφορίες κατάδυσης,ข้อมูลทั่วไป,Thông tin chuyến lặn,Maklumat Selam,Informasi Penyelaman,Informacije o uronu
Dive Logbook,Nav title,✅ Active,Dive Logbook,潜水日志,潛水日誌,ダイビングログ,다이빙 로그북,Carnet de plongée,Diario de inmersiones,Giornale di immersione,Diário de mergulhos,Duiklogboek,Taucherlogbuch,Dive Logbook,Ημερολόγιο καταδύσεων,สมุดบันทึกการดำน้ำ,Nhật ký lặn,Log selam,Logbook Penyelaman,Ronilački logbook
Dive Site,TextField placeholder,✅ Active,Dive Site,潜水地点,潛水地點,ダイビングポイント,다이빙 사이트,Site de plongée,Punto de inmersión,Punto di immersione,Local de mergulho,Duiklocatie,Tauchplatz,Dive Site,Τοποθεσία κατάδυσης,จุดดำน้ำ,Địa điểm lặn,Tapak Selam,Lokasi Penyelaman,Lokacija urona
Dive site map will be available in a future update.,Map placeholder,✅ Active,Dive site map will be available in a future update.,潜点地图将在后续版本中提供。,潛點地圖將在後續版本中提供。,ダイビングポイントのマップは今後のアップデートで利用可能になります。,다이빙 사이트 지도는 향후 업데이트에서 지원될 예정입니다.,La carte des sites sera disponible dans une prochaine mise à jour.,El mapa de puntos de inmersión estará disponible en una próxima actualización.,La mappa dei punti di immersione sarà disponibile in un prossimo aggiornamento.,O mapa dos locais de mergulho estará disponível numa atualização futura.,De duiklocatiekaart komt beschikbaar in een toekomstige update.,Die Karte der Tauchplätze wird in einem zukünftigen Update verfügbar sein.,The dive site map will be available in a future update.,Ο χάρτης τοποθεσιών κατάδυσης θα είναι διαθέσιμος σε μελλοντική ενημέρωση.,แผนที่จุดดำน้ำจะพร้อมใช้งานในการอัปเดตในอนาคต.,Bản đồ địa điểm lặn sẽ khả dụng trong bản cập nhật tương lai.,Peta tapak selam akan tersedia dalam kemas kini masa hadapan.,Peta lokasi penyelaman akan tersedia dalam pembaruan mendatang.,Karta lokacija urona bit će dostupna u budućem ažuriranju.
Dives with GPS coordinates will appear on this map.,Map empty state,✅ Active,Dives with GPS coordinates will appear on this map.,含 GPS 坐标的潜水记录将显示在地图上。,含 GPS 座標的潛水記錄將顯示在地圖上。,GPS座標を持つダイビングがこのマップに表示されます。,GPS 좌표가 있는 다이빙이 이 지도에 표시됩니다.,Les plongées avec coordonnées GPS apparaîtront sur cette carte.,Las inmersiones con coordenadas GPS aparecerán en este mapa.,Le immersioni con coordinate GPS appariranno su questa mappa.,Os mergulhos com coordenadas GPS aparecerão neste mapa.,Duiken met GPS-coördinaten verschijnen op deze kaart.,Tauchgänge mit GPS-Koordinaten werden auf dieser Karte angezeigt.,Dives with GPS coordinates will appear on this map.,Οι καταδύσεις με συντεταγμένες GPS θα εμφανίζονται σε αυτόν τον χάρτη.,ไดฟ์ที่มีพิกัด GPS จะแสดงบนแผนที่นี้.,Chuyến lặn có tọa độ GPS sẽ xuất hiện trên bản đồ này.,Selam dengan koordinat GPS akan muncul pada peta ini.,Penyelaman dengan koordinat GPS akan muncul di peta ini.,Uroni s GPS koordinatama prikazat će se na ovoj karti.
Done,Button label,✅ Active,Done,完成,完成,完了,완료,Terminé,Hecho,Fine,Concluído,Gereed,Fertig,Done,Τέλος,เสร็จสิ้น,Xong,Selesai,Selesai,Gotovo
Duration,Dive detail field,✅ Active,Duration,时长,時長,潜水時間,지속 시간,Durée,Duración,Durata,Duração,Duur,Dauer,Duration,Διάρκεια,ระยะเวลา,Thời gian lặn,Tempoh,Durasi,Trajanje
Edit,Edit button,✅ Active,Edit,编辑,編輯,編集,편집,Modifier,Editar,Modifica,Editar,Wijzig,Bearbeiten,Edit,Επεξεργασία,แก้ไข,Sửa,Edit,Edit,Uredi
Edit Dive,Sheet title,✅ Active,Edit Dive,编辑潜水,編輯潛水,ダイビングを編集,다이빙 편집,Modifier la plongée,Editar inmersión,Modifica immersione,Editar mergulho,Wijzig duik,Tauchgang bearbeiten,Edit Dive,Επεξεργασία κατάδυσης,แก้ไขไดฟ์,Sửa chuyến lặn,Edit Selam,Edit Penyelaman,Uredi uron
Enjoy an uninterrupted dive log experience.,Feature subtitle,✅ Active,Enjoy an uninterrupted dive log experience.,享受不受干扰的潜水日志体验。,享受不受干擾的潛水日誌體驗。,途切れることのないダイビングログ体験をお楽しみください。,중단 없는 다이빙 로그북을 경험해 보세요.,Profitez d'un carnet de plongée sans interruption.,Disfruta de un diario de inmersiones sin interrupciones.,Goditi un giornale di immersione senza interruzioni.,Desfrute de um diário de mergulhos sem interrupções.,Geniet van een ononderbroken duiklogboekervaring.,Genießen Sie ein ungestörtes Taucherlogbuch-Erlebnis.,Enjoy an uninterrupted dive log experience.,Απολαύστε μια αδιάλειπτη εμπειρία ημερολογίου καταδύσεων.,เพลิดเพลินกับประสบการณ์บันทึกการดำน้ำแบบไม่สะดุด.,Tận hưởng trải nghiệm nhật ký lặn không bị gián đoạn.,Nikmati pengalaman log selam tanpa gangguan.,Nikmati pengalaman logbook penyelaman tanpa gangguan.,Uživajte u neprekinutom ronilačkom logbooku.
Environment,Section/field label,✅ Active,Environment,环境,環境,環境,환경,Environnement,Entorno,Ambiente,Ambiente,Omgeving,Umgebung,Environment,Περιβάλλον,สภาพแวดล้อม,Môi trường lặn,Persekitaran,Lingkungan,Okolina
Export All Dives,Button label,✅ Active,Export All Dives,导出所有潜水记录,匯出所有潛水記錄,すべてのダイビングを書き出す,모든 다이빙 내보내기,Exporter toutes les plongées,Exportar todas las inmersiones,Esporta tutte le immersioni,Exportar todos os mergulhos,Exporteer alle duiken,Alle Tauchgänge exportieren,Export All Dives,Εξαγωγή όλων των καταδύσεων,ส่งออกทุกไดฟ์,Xuất tất cả chuyến lặn,Eksport Semua Selam,Ekspor Semua Penyelaman,Izvezi sve urone
Export All Dives — Premium Required,a11y label,✅ Active,Export All Dives — Premium Required,导出所有潜水记录 — 需要专业版,匯出所有潛水記錄 — 需要進階版,すべてのダイビングを書き出す — プレミアムが必要です,모든 다이빙 내보내기 — 프리미엄 필요,Exporter toutes les plongées — Premium requis,Exportar todas las inmersiones — Premium requerido,Esporta tutte le immersioni — Richiede Premium,Exportar todos os mergulhos — Premium necessário,Exporteer alle duiken — Premium vereist,Alle Tauchgänge exportieren — Premium erforderlich,Export All Dives — Premium Required,Εξαγωγή όλων των καταδύσεων — Απαιτείται Premium,ส่งออกทุกไดฟ์ — ต้องใช้พรีเมียม,Xuất tất cả chuyến lặn — Yêu cầu Premium,Eksport Semua Selam — Premium Diperlukan,Ekspor Semua Penyelaman — Premium Diperlukan,Izvezi sve urone — Potreban Premium
Export Dive,a11y label,✅ Active,Export Dive,导出此潜水记录,匯出此潛水記錄,このダイビングを書き出す,이 다이빙 내보내기,Exporter la plongée,Exportar inmersión,Esporta immersione,Exportar mergulho,Exporteer duik,Tauchgang exportieren,Export Dive,Εξαγωγή κατάδυσης,ส่งออกไดฟ์นี้,Xuất chuyến lặn,Eksport Selam,Ekspor Penyelaman,Izvezi uron
Export Dive — Premium Required,a11y label,✅ Active,Export Dive — Premium Required,导出此潜水记录 — 需要专业版,匯出此潛水記錄 — 需要進階版,このダイビングを書き出す — プレミアムが必要です,이 다이빙 내보내기 — 프리미엄 필요,Exporter la plongée — Premium requis,Exportar inmersión — Premium requerido,Esporta immersione — Richiede Premium,Exportar mergulho — Premium necessário,Exporteer duik — Premium vereist,Tauchgang exportieren — Premium erforderlich,Export Dive — Premium Required,Εξαγωγή κατάδυσης — Απαιτείται Premium,ส่งออกไดฟ์นี้ — ต้องใช้พรีเมียม,Xuất chuyến lặn — Yêu cầu Premium,Eksport Selam — Premium Diperlukan,Ekspor Penyelaman — Premium Diperlukan,Izvezi uron — Potreban Premium
Export Dive Logs,Feature row title,✅ Active,Export Dive Logs,导出潜水日志,匯出潛水日誌,ダイビングログを書き出す,다이빙 로그북 내보내기,Exporter les carnets,Exportar diarios de inmersión,Esporta giornali di immersione,Exportar diários de mergulhos,Exporteer duiklogboeken,Taucherlogbücher exportieren,Export Dive Logs,Εξαγωγή ημερολογίων κατάδυσης,ส่งออกสมุดบันทึกการดำน้ำ,Xuất nhật ký lặn,Eksport Log Selam,Ekspor Logbook Penyelaman,Izvezi ronilačke logbooke
Export Format,Dialog title,✅ Active,Export Format,导出格式,匯出格式,書き出し形式,내보내기 형식,Format d'export,Format de exportación,Formato di esportazione,Formato de exportação,Exportformaat,Exportformat,Export Format,Μορφή εξαγωγής,รูปแบบการส่งออก,Định dạng xuất,Format Eksport,Format Ekspor,Format izvoza
Export your dives as UDDF or CSV anytime.,Feature subtitle,✅ Active,Export your dives as UDDF or CSV anytime.,随时将潜水记录导出为 UDDF 或 CSV。,隨時將潛水記錄匯出為 UDDF 或 CSV。,ダイビングをいつでもUDDFまたはCSVとして書き出せます。,언제든지 다이빙을 UDDF 또는 CSV로 내보내세요.,Exportez vos plongées en UDDF ou CSV à tout moment.,Exporta tus inmersiones como UDDF o CSV cuando quieras.,Esporta le tue immersioni in UDDF o CSV quando vuoi.,Exporte os seus mergulhos em UDDF ou CSV a qualquer momento.,Exporteer je duiken altijd als UDDF of CSV.,Exportieren Sie Ihre Tauchgänge jederzeit als UDDF oder CSV.,Export your dives as UDDF or CSV anytime.,Εξαγάγετε τις καταδύσεις σας ως UDDF ή CSV ανά πάσα στιγμή.,ส่งออกไดฟ์ของคุณเป็น UDDF หรือ CSV ได้ทุกเมื่อ,Xuất các chuyến lặn dưới dạng UDDF hoặc CSV bất cứ lúc nào.,Eksport selam anda sebagai UDDF atau CSV pada bila-bila masa.,Ekspor penyelaman Anda sebagai UDDF atau CSV kapan saja.,Izvezite svoje urone kao UDDF ili CSV bilo kada.
Freshwater,Dive environment type,✅ Active,Freshwater,淡水,淡水,淡水,담수,Eau douce,Agua dulce,Acqua dolce,Água doce,Zoet water,Süßwasser,Freshwater,Γλυκό νερό,น้ำจืด,Nước ngọt,Air Tawar,Air Tawar,Slatka voda
Gas,Dive detail field,✅ Active,Gas,气体,氣體,ガス,기체,Gaz,Gas,Gas,Gás,Gas,Gas,Gas,Αέριο,แก๊ส,Khí lặn,Gas,Gas,Plin
Gas Mix,Section header,✅ Active,Gas Mix,气体混合,氣體混合,混合ガス,기체 믹스,Mélange de gaz,Mezcla de gases,Miscela gas,Mistura de gases,Gasmengsel,Gasgemisch,Gas Mix,Μείγμα αερίου,แก๊สผสม,Khí trộn,Campuran Gas,Campuran Gas,Mješavina plina
Import,Tab bar label,✅ Active,Import,导入,匯入,取り込み,가져오기,Importer,Importar,Importa,Importar,Importeer,Import,Import,Εισαγωγή,นำเข้า,Nhập dữ liệu,Import,Impor,Uvoz
Import Dives,Nav title,✅ Active,Import Dives,导入潜水记录,匯入潛水記錄,ダイビングを読み込む,다이빙 가져오기,Importer des plongées,Importar inmersiones,Importa immersioni,Importar mergulhos,Importeer duiken,Tauchgänge importieren,Import Dives,Εισαγωγή καταδύσεων,นำเข้าไดฟ์,Nhập chuyến lặn,Import Selam,Impor Penyelaman,Uvezi urone
Import Failed,Result title,✅ Active,Import Failed,导入失败,匯入失敗,読み込み失敗,가져오기 실패,Échec de l'import,Error al importar,Importazione fallita,Falha na importação,Importen mislukt,Import fehlgeschlagen,Import Failed,Αποτυχία εισαγωγής,นำเข้าล้มเหลว,Nhập thất bại,Import Gagal,Impor Gagal,Uvoz nije uspio
Import Successful,Result title,✅ Active,Import Successful,导入成功,匯入成功,読み込み成功,가져오기 성공,Import réussi,Importación exitosa,Importazione completata,Importação com sucesso,Import geslaagd,Import erfolgreich,Import Successful,Επιτυχής εισαγωγή,นำเข้าสำเร็จ,Nhập thành công,Import Berjaya,Impor Berhasil,Uvoz uspješan
Importing…,Progress label,✅ Active,Importing…,导入中…,匯入中…,読み込み中…,가져오는 중…,Importation…,Importando…,Importazione in corso…,Importando…,Importeren…,Importieren…,Importing…,Εισαγωγή…,กำลังนำเข้า…,Đang nhập…,Importing…,Sedang mengimpor…,Uvoženje…
iOS Settings,Settings row label,✅ Active,iOS Settings,iOS 设置,iOS 設定,iOSの設定,iOS 설정,Réglages iOS,Ajustes de iOS,Impostazioni iOS,Definições do iOS,iOS-instellingen,iOS-Einstellungen,iOS Settings,Ρυθμίσεις iOS,การตั้งค่า iOS,Cài đặt iOS,Tetapan iOS,Pengaturan iOS,iOS postavke
JD2 Logbook Premium,Sheet title,✅ Active,JD2 Logbook Premium,JD2 潜水日志专业版,JD2 潛水日誌進階版,JD2 Logbook プレミアム,JD2 Logbook 프리미엄,JD2 Logbook Premium,JD2 Logbook Premium,JD2 Logbook Premium,JD2 Logbook Premium,JD2 Logbook Premium,JD2 Logbook Premium,JD2 Logbook Premium,JD2 Logbook Premium,JD2 Logbook Premium,JD2 Logbook Premium,JD2 Logbook Premium,JD2 Logbook Premium,JD2 Logbook Premium
Key Stats,Section header,✅ Active,Key Stats,主要数据,主要數據,主な統計,주요 통계,Statistiques clés,Estadísticas clave,Statistiche chiave,Estatísticas principais,Belangrijkste statistieken,Wichtige Statistiken,Key Stats,Κύρια στατιστικά,สถิติหลัก,Số liệu chính,Statistik Utama,Statistik Utama,Ključne statistike
Language,Settings section header,✅ Active,Language,语言,語言,言語,언어,Langue,Idioma,Lingua,Idioma,Taal,Sprache,Language,Γλώσσα,ภาษา,Ngôn ngữ,Bahasa,Bahasa,Jezik
"Language, appearance, and preferences will be available in a future update.",Settings placeholder,✅ Active,"Language, appearance, and preferences will be available in a future update.",语言、外观与偏好设置将在后续版本中提供。,語言、外觀與偏好設定將在後續版本中提供。,言語、外観、環境設定は今後のアップデートで利用可能になります。,"언어, 화면 스타일 및 환경 설정은 향후 업데이트에서 지원될 예정입니다.","La langue, l'apparence et les préférences seront disponibles dans une prochaine mise à jour.","El idioma, la apariencia y las preferencias estarán disponibles en una próxima actualización.","Lingua, aspetto e preferenze saranno disponibili in un prossimo aggiornamento.","O idioma, a aparência e as preferências estarão disponíveis numa atualização futura.","Taal, weergave en voorkeuren komen beschikbaar in een toekomstige update.","Sprache, Erscheinungsbild und Einstellungen werden in einem zukünftigen Update verfügbar sein.","Language, appearance, and preferences will be available in a future update.","Η γλώσσα, η εμφάνιση και οι προτιμήσεις θα είναι διαθέσιμες σε μελλοντική ενημέρωση.",ภาษา รูปลักษณ์ และการตั้งค่าจะพร้อมใช้งานในการอัปเดตในอนาคต.,"Ngôn ngữ, giao diện và tùy chọn sẽ khả dụng trong bản cập nhật tương lai.","Bahasa, penampilan dan keutamaan akan tersedia dalam kemas kini masa hadapan.","Bahasa, tampilan, dan preferensi akan tersedia dalam pembaruan mendatang.","Jezik, izgled i postavke bit će dostupni u budućem ažuriranju."
Location,Section/field label,✅ Active,Location,地点,地點,場所,위치,Lieu,Ubicación,Posizione,Localização,Locatie,Ort,Location,Τοποθεσία,สถานที่,Địa điểm,Lokasi,Lokasi,Lokacija
Logbook,Tab bar label,✅ Active,Logbook,日志,日誌,ログ,로그북,Carnet,Diario,Giornale,Diário,Logboek,Logbuch,Logbook,Ημερολόγιο,สมุดบันทึก,Nhật ký,Log,Logbook,Logbook
m,Depth unit (metres),✅ Active,m,米,公尺,m,m,m,m,m,m,m,m,m,μ.,ม.,m,m,m,m
Manual Entry,Source format label,✅ Active,Manual Entry,手动创建,手動建立,手動入力,수동 입력,Saisie manuelle,Entrada manual,Inserimento manuale,Entrada manual,Handmatige invoer,Manuelle Eingabe,Manual Entry,Μη αυτόματη καταχώριση,กรอกข้อมูลเอง,Nhập thủ công,Kemasukan Manual,Entri Manual,Ručni unos
Map,Tab bar label,✅ Active,Map,地图,地圖,マップ,지도,Carte,Mapa,Mappa,Mapa,Kaart,Karte,Map,Χάρτης,แผนที่,Bản đồ,Peta,Peta,Karta
Map view coming soon,Map placeholder title,✅ Active,Map view coming soon,地图视图即将推出,地圖檢視即將推出,マップビューは近日公開予定,지도 뷰 곧 출시 예정,Vue carte bientôt disponible,Vista de mapa próximamente,Mappa in arrivo,Vista de mapa em breve,Kaartweergave binnenkort beschikbaar,Kartenansicht demnächst verfügbar,Map view coming soon,Η προβολή χάρτη έρχεται σύντομα,มุมมองแผนที่เร็ว ๆ นี้,Giao diện bản đồ sắp ra mắt,Paparan peta akan datang,Tampilan peta segera hadir,Prikaz karte stiže uskoro
Max Depth,Dive detail field,✅ Active,Max Depth,最大深度,最大深度,最大水深,최대 깊이,Profondeur max,Profundidad máx.,Profondità max,Profundidade máx.,Max. diepte,Maximale Tiefe,Max Depth,Μέγιστο βάθος,ความลึกสูงสุด,Độ sâu tối đa,Kedalaman Maks,Kedalaman Maksimum,Maks. dubina
New Dive,Sheet title,✅ Active,New Dive,新增潜水,新增潛水,新しいダイビング,새 다이빙,Nouvelle plongée,Nueva inmersión,Nuova immersione,Novo mergulho,Nieuwe duik,Neuer Tauchgang,New Dive,Νέα κατάδυση,ไดฟ์ใหม่,Chuyến lặn mới,Selam Baru,Penyelaman Baru,Novi uron
Next month,Calendar nav button,✅ Active,Next month,下个月,下個月,来月,다음 달,Mois suivant,Mes siguiente,Mese successivo,Mês seguinte,Volgende maand,Nächster Monat,Next month,Επόμενος μήνας,เดือนถัดไป,Tháng sau,Bulan depan,Bulan depan,Sljedeći mjesec
Nitrox,Gas type,✅ Active,Nitrox,富氧空气,富氧空氣,ナイトロックス,나이트록스,Nitrox,Nitrox,Nitrox,Nitrox,Nitrox,Nitrox,Nitrox,Nitrox,ไนตรอกซ์,Nitrox,Nitrox,Nitrox,Nitrox
No dives,Empty state,✅ Active,No dives,无潜水记录,無潛水記錄,ダイビングなし,다이빙 없음,Aucune plongée,Sin inmersiones,Nessuna immersione,Sem mergulhos,Geen duiken,Keine Tauchgänge,No dives,Χωρίς καταδύσεις,ไม่มีไดฟ์,Không có chuyến lặn,Tiada selam,Tidak ada penyelaman,Nema urona
No dives on this date.,Calendar empty state,✅ Active,No dives on this date.,此日期没有潜水记录。,這一天沒有潛水記錄。,この日のダイビングはありません。,이 날짜에 다이빙이 없습니다.,Aucune plongée à cette date.,No hay inmersiones en esta fecha.,Nessuna immersione in questa data.,Sem mergulhos nesta data.,Geen duiken op deze datum.,Keine Tauchgänge an diesem Datum.,No dives on this date.,Χωρίς καταδύσεις αυτή την ημερομηνία.,ไม่มีไดฟ์ในวันนี้,Không có chuyến lặn vào ngày này.,Tiada selam pada tarikh ini.,Tidak ada penyelaman pada tanggal ini.,Nema urona na ovaj datum.
No dives yet,Empty logbook title,✅ Active,No dives yet,暂无潜水记录,尚無潛水記錄,ダイビングがまだありません,아직 다이빙이 없습니다,Aucune plongée pour le moment,Aún no hay inmersiones,Ancora nessuna immersione,Ainda sem mergulhos,Nog geen duiken,Noch keine Tauchgänge,No dives yet,Δεν υπάρχουν ακόμη καταδύσεις,ยังไม่มีไดฟ์,Chưa có chuyến lặn nào,Tiada selam lagi,Belum ada penyelaman,Još nema urona
No GPS Dive Sites,Map empty state title,✅ Active,No GPS Dive Sites,无 GPS 潜点,無 GPS 潛點,GPSなしのダイビングポイント,GPS 다이빙 사이트 없음,Aucun site de plongée GPS,Sin puntos de inmersión GPS,Nessun punto di immersione GPS,Sem locais de mergulho GPS,Geen GPS-duiklocaties,Keine GPS-Tauchplätze,No GPS Dive Sites,Χωρίς τοποθεσίες κατάδυσης GPS,ไม่มีจุดดำน้ำ GPS,Không có địa điểm lặn GPS,Tiada Tapak Selam GPS,Tidak Ada Lokasi Penyelaman GPS,Nema ronilačkih lokacija s GPS-om
No notes recorded.,Notes empty state,✅ Active,No notes recorded.,未填写备注。,未填寫備註。,メモが記録されていません。,기록된 메모가 없습니다.,Aucune note enregistrée.,Sin notas registradas.,Nessuna nota registrata.,Sem notas registadas.,Geen notities geregistreerd.,Keine Notizen erfasst.,No notes recorded.,Δεν καταγράφηκαν σημειώσεις.,ไม่มีการบันทึกบันทึกย่อ,Không có ghi chú nào được ghi lại.,Tiada nota direkodkan.,Tidak ada catatan yang direkam.,Nema zabilježenih napomena.
No previous purchase found.,Alert message,✅ Active,No previous purchase found.,未找到先前的购买记录。,未找到先前的購買記錄。,以前の購入履歴が見つかりません。,이전 구매 내역을 찾을 수 없습니다.,Aucun achat antérieur trouvé.,No se encontró ninguna compra anterior.,Nessun acquisto precedente trovato.,Nenhum histórico de compra encontrado.,Geen eerdere aankoop gevonden.,Keine vorherigen Käufe gefunden.,No previous purchase found.,Δεν βρέθηκε προηγούμενη αγορά.,ไม่พบประวัติการซื้อก่อนหน้า,Không tìm thấy giao dịch mua trước đó.,Tiada pembelian terdahulu ditemui.,Tidak ada pembelian sebelumnya ditemukan.,Nije pronađena prethodna kupnja.
Notes,Section/field label,✅ Active,Notes,备注,備註,メモ,메모,Notes,Notas,Note,Notas,Notities,Notizen,Notes,Σημειώσεις,บันทึกย่อ,Ghi chú,Nota,Catatan,Napomene
OK,Alert button,✅ Active,OK,确定,確定,OK,확인,OK,Aceptar,OK,OK,OK,OK,OK,OK,ตกลง,OK,OK,OK,U redu
One-time purchase — no subscription.,Sheet subtitle,✅ Active,One-time purchase — no subscription.,一次性购买，无需订阅。,一次性購買，無需訂閱。,一回限りの購入 — サブスクリプションなし,일회성 구매 — 구독 없음,Achat unique — sans abonnement,Compra única — sin suscripción,Acquisto una tantum — nessun abbonamento,Compra única — sem subscrição,Eenmalige aankoop — geen abonnement,Einmaliger Kauf — kein Abonnement,One-time purchase — no subscription.,Αγορά μία φορά — χωρίς συνδρομή,ซื้อครั้งเดียว — ไม่มีระบบสมาชิก,Mua một lần — không cần đăng ký,Pembelian sekali sahaja — tiada langganan,Pembelian sekali — tanpa langganan,Jednokratna kupnja — bez pretplate
One-time purchase. No subscription.\nUnlock Premium to backup and export all your dives.,Settings footer (\n = newline),❌ Missing,One-time purchase. No subscription.\nUnlock Premium to backup and export all your dives.,"一次性购买，无需订阅。
解锁专业版即可备份并导出所有潜水记录。","一次性購買，無需訂閱。
解鎖進階版即可備份並匯出所有潛水記錄。",一回限りの購入。サブスクリプションなし。\nすべてのダイビングをバックアップおよび書き出すには、プレミアムのロックを解除してください。,일회성 구매. 구독 없음.\n모든 다이빙을 백업하고 내보내려면 프리미엄을 잠금 해제하세요.,Achat unique. Sans abonnement.\nDéverrouillez le Premium pour sauvegarder et exporter toutes vos plongées.,Compra única. Sin suscripción.\nDesbloquea Premium para respaldar y exportar todas tus inmersiones.,Acquisto una tantum. Nessun abbonamento.\nSblocca Premium per eseguire il backup ed esportare tutte le tue immersioni.,Compra única. Sem subscrição.\nDesbloqueie o Premium para salvaguardar e exportar todos os seus mergulhos.,Eenmalige aankoop. Geen abonnement.\nOntgrendel Premium om al je duiken te back-uppen en te exporteren.,"Einmaliger Kauf. Kein Abonnement.\nSchalten Sie Premium frei, um alle Ihre Tauchgänge zu sichern und zu exportieren.",One-time purchase. No subscription.\nUnlock Premium to backup and export all your dives.,Αγορά μία φορά. Χωρίς συνδρομή.\nΞεκλειδώστε το Premium για να δημιουργήσετε αντίγραφα ασφαλείας και να εξαγάγετε όλες τις καταδύσεις σας.,ซื้อครั้งเดียว ไม่มีระบบสมาชิก\nปลดล็อกพรีเมียมเพื่อสำรองข้อมูลและส่งออกไดฟ์ทั้งหมดของคุณ,Mua một lần. Không cần đăng ký.\nMở khóa Premium để sao lưu và xuất tất cả các chuyến lặn của bạn.,Pembelian sekali sahaja. Tiada langganan.\nBuka kunci Premium untuk menyandar dan mengeksport semua selam anda.,Pembelian sekali. Tanpa langganan.\nBuka kunci Premium untuk mencadangkan dan mengeksport semua penyelaman Anda.,Jednokratna kupnja. Bez pretplate.\nOtključajte Premium za sigurnosnu kopiju i izvoz svih svojih urona.
Open Source Licenses,Nav link label,✅ Active,Open Source Licenses,开源授权,開源授權,オープンソースライセンス,오픈 소스 라이선스,Licences open source,Licencias de código abierto,Licenze open source,Licenças de código aberto,Opensource-licenties,Open-Source-Lizenzen,Open Source Licenses,Άδειες ανοιχτού κώδικα,ใบอนุญาตโอเพนซอร์ส,Giấy phép nguồn mở,Lesen Sumber Terbuka,Lisensi Open Source,Licence otvorenog izvornog koda
Opens file picker to choose a dive log file,a11y hint,✅ Active,Opens file picker to choose a dive log file,打开文件选择器以选择潜水日志文件,開啟檔案選取器以選擇潛水日誌檔案,ファイルピッカーを開いてダイビングログファイルを選択します,파일 선택기를 열어 다이빙 로그 파일을 선택합니다,Ouvre le sélecteur de fichiers pour choisir un carnet de plongée,Abre el selector de archivos para elegir un diario de inmersiones,Apre il selettore di file per scegliere un giornale di immersione,Abre o seletor de ficheiros para escolher um ficheiro de diário de mergulhos,Opent de bestandskiezer om een duiklogboekbestand te kiezen,"Öffnet die Dateiauswahl, um eine Taucherlogbuch-Datei auszuwählen",Opens file picker to choose a dive log file,Ανοίγει τον επιλογέα αρχείων για την επιλογή αρχείου καταγραφής κατάδυσης,เปิดตัวเลือกไฟล์เพื่อเลือกไฟล์บันทึกการดำน้ำ,Mở trình chọn tệp để chọn tệp nhật ký lặn,Membuka pemilih fail untuk memilih fail log selam,Membuka pemilih file untuk memilih file logbook penyelaman,Otvara alat za odabir datoteka za odabir ronilačkog logbooka
Opens iOS Settings to change the app display language,a11y hint,✅ Active,Opens iOS Settings to change the app display language,打开 iOS 设置以更改 App 显示语言,開啟 iOS 設定以變更 App 顯示語言,iOSの設定を開いてアプリの表示言語を変更します,iOS 설정을 열어 앱 표시 언어를 변경합니다,Ouvre les réglages iOS pour modifier la langue d'affichage de l'app,Abre los ajustes de iOS para cambiar el idioma de la app,Apre le impostazioni iOS per modificare la lingua dell'app,Abre as Definições do iOS para alterar o idioma de exibição da app,Opent de iOS-instellingen om de weergavetaal van de app te wijzigen,"Öffnet die iOS-Einstellungen, um die App-Anzeigesprache zu ändern",Opens iOS Settings to change the app display language,Ανοίγει τις Ρυθμίσεις iOS για την αλλαγή της γλώσσας εμφάνισης της εφαρμογής,เปิดการตั้งค่า iOS เพื่อเปลี่ยนภาษาที่แสดงของแอป,Mở Cài đặt iOS để thay đổi ngôn ngữ hiển thị của ứng dụng,Membuka Tetapan iOS untuk mengubah bahasa paparan aplikasi,Membuka Pengaturan iOS untuk mengubah bahasa tampilan aplikasi,Otvara iOS postavke za promjenu jezika prikaza aplikacije
Premium,Settings section header,✅ Active,Premium,专业版,進階版,プレミアム,프리미엄,Premium,Premium,Premium,Premium,Premium,Premium,Premium,Premium,พรีเมียม,Premium,Premium,Premium,Premium
Premium restored successfully.,Alert message,✅ Active,Premium restored successfully.,专业版已成功恢复。,進階版已成功回復。,プレミアムが正常に復元されました。,프리미엄이 성공적으로 복원되었습니다.,Premium restauré avec succès.,Premium restaurado con éxito.,Premium ripristinato con successo.,Premium restaurado com sucesso.,Premium succesvol hersteld.,Premium erfolgreich wiederhergestellt.,Premium restored successfully.,Το Premium αποκαταστάθηκε επιτυχώς.,คืนค่าพรีเมียมสำเร็จแล้ว,Đã khôi phục thành công Premium.,Premium berjaya dipulihkan.,Premium berhasil dipulihkan.,Premium uspješno obnovljen.
Premium Unlocked,Row label,✅ Active,Premium Unlocked,专业版已解锁,進階版已解鎖,プレミアムロック解除済み,프리미엄 잠금 해제됨,Premium déverrouillé,Premium desbloqueado,Premium sbloccato,Premium desbloqueado,Premium ontgrendeld,Premium freigeschaltet,Premium Unlocked,Το Premium ξεκλειδώθηκε,ปลดล็อกพรีเมียมแล้ว,Đã mở khóa Premium,Premium Dibuka Kunci,Premium Unlocked,Premium otključan
"Premium unlocked — Ads removed, Export enabled.",Section footer,✅ Active,"Premium unlocked — Ads removed, Export enabled.",专业版已解锁 — 广告已移除，导出已启用。,進階版已解鎖 — 廣告已移除，匯出已啟用。,プレミアムロック解除済み — 広告が削除され、書き出しが有効になりました。,"프리미엄 잠금 해제됨 — 광고 제거, 내보내기 활성화.","Premium déverrouillé — Publicités supprimées, export activé.","Premium desbloqueado: anuncios eliminados, exportación activada.","Premium sbloccato — Annunci rimossi, esportazione abilitata.","Premium desbloqueado — Anúncios removidos, exportação ativada.","Premium ontgrendeld — Advertenties verwijderd, export ingeschakeld.","Premium freigeschaltet — Werbung entfernt, Export aktiviert.","Premium unlocked — Ads removed, Export enabled.","Premium ξεκλειδωμένο — Διαφημίσεις αφαιρέθηκαν, Εξαγωγή ενεργοποιήθηκε.",ปลดล็อกพรีเมียมแล้ว — โฆษณาถูกนำออก เปิดใช้งานการส่งออกแล้ว,"Đã mở khóa Premium — Đã gỡ bỏ quảng cáo, Đã bật tính năng xuất.","Premium dibuka kunci — Iklan dibuang, Eksport diaktifkan.","Premium unlocked — Iklan dihapus, Ekspor diaktifkan.","Premium otključan — Oglasi uklonjeni, izvoz omogućen."
Previous month,Calendar nav button,✅ Active,Previous month,上个月,上個月,先月,지난달,Mois précédent,Mes anterior,Mese precedente,Mês anterior,Vorige maand,Letzter Monat,Previous month,Προηγούμενος μήνας,เดือนก่อนหน้า,Tháng trước,Bulan lepas,Bulan sebelumnya,Prethodni mjesec
Remove Ads + Enable Export,Purchase row label,✅ Active,Remove Ads + Enable Export,移除广告 + 启用导出,移除廣告 + 啟用匯出,広告を削除 + 書き出しを有効化,광고 제거 + 내보내기 활성화,Supprimer les pubs + Activer l'export,Quitar anuncios y activar exportación,Rimuovi annunci + Abilita esportazione,Remover anúncios + Ativar exportação,Advertenties verwijderen + Export inschakelen,Werbung entfernen + Export aktivieren,Remove Ads + Enable Export,Αφαίρεση διαφημίσεων + Ενεργοποίηση εξαγωγής,นำโฆษณาออก + เปิดใช้งานการส่งออก,Gỡ bỏ quảng cáo + Bật tính năng xuất,Buang Iklan + Aktifkan Eksport,Hapus Iklan + Aktifkan Ekspor,Ukloni oglase + Omogući izvoz
Remove All Ads,Feature row title,✅ Active,Remove All Ads,移除所有广告,移除所有廣告,すべての広告を削除,모든 광고 제거,Supprimer toutes les publicités,Quitar todos los anuncios,Rimuovi tutti gli annunci,Remover todos os anúncios,Verwijder alle advertenties,Alle Werbung entfernen,Remove All Ads,Αφαίρεση όλων των διαφημίσεων,นำโฆษณาออกทั้งหมด,Gỡ bỏ tất cả quảng cáo,Buang Semua Iklan,Hapus Semua Iklan,Ukloni sve oglase
Restore,Alert title,✅ Active,Restore,恢复,回復,復元,복원,Restaurer,Restaurar,Ripristina,Restaurar,Herstel,Wiederherstellen,Restore,Αποκατάσταση,คืนค่า,Khôi phục,Pulihkan,Pulihkan,Obnovi
Restore Purchase,Button label,✅ Active,Restore Purchase,恢复购买,回復購買,購入履歴を復元,구매 내역 복원,Restaurer l'achat,Restaurar compra,Ripristina acquisto,Restaurar compra,Aankoop herstellen,Kauf wiederherstellen,Restore Purchase,Ανάκτηση αγοράς,คืนค่าการซื้อ,Khôi phục giao dịch mua,Pulihkan Pembelian,Pulihkan Pembelian,Obnovi kupnju
Save,Save button,✅ Active,Save,存储,儲存,保存,저장,Enregistrer,Guardar,Salva,Guardar,Bewaar,Sichern,Save,Αποθήκευση,บันทึก,Lưu,Simpan,Simpan,Spremi
Search location…,Search bar placeholder,✅ Active,Search location…,搜索地点…,搜尋地點…,場所を検索…,위치 검색…,Rechercher un lieu…,Buscar ubicación…,Cerca posizione…,Pesquisar localização…,Zoek locatie…,Ort suchen…,Search location…,Αναζήτηση τοποθεσίας…,ค้นหาสถานที่…,Tìm kiếm địa điểm…,Cari lokasi…,Cari lokasi…,Pretraži lokaciju…
Seawater,Dive environment type,✅ Active,Seawater,海水,海水,海水,해수,Eau de mer,Agua de mar,Acqua di mare,Água salgada,Zeewater,Meerwasser,Seawater,Θαλασσινό νερό,น้ำทะเล,Nước biển,Air Laut,Air Laut,Morska voda
Select a date to see dives.,Calendar hint,✅ Active,Select a date to see dives.,选择日期查看潜水记录。,選擇日期查看潛水記錄。,日付を選択してダイビングを表示します。,다이빙을 보려면 날짜를 선택하세요.,Sélectionnez une date pour voir les plongées.,Selecciona una fecha para ver las inmersiones.,Seleziona una data per vedere le immersioni.,Selecione uma data para ver os mergulhos.,Selecteer een datum om duiken te bekijken.,"Wählen Sie ein Datum, um Tauchgänge anzuzeigen.",Select a date to see dives.,Επιλέξτε ημερομηνία για να δείτε καταδύσεις.,เลือกวันที่เพื่อดูไดฟ์,Chọn một ngày để xem các chuyến lặn.,Pilih tarikh untuk melihat selam.,Pilih tanggal untuk melihat penyelaman.,Odaberite datum za prikaz urona.
Select File,Import button,✅ Active,Select File,选择文件,選擇檔案,ファイルを選択,파일 선택,Sélectionner un fichier,Seleccionar archivo,Seleziona file,Selecionar ficheiro,Selecteer bestand,Datei auswählen,Select File,Επιλογή αρχείου,เลือกไฟล์,Chọn tệp,Pilih Fail,Pilih File,Odaberi datoteku
Settings,Tab bar / nav title,✅ Active,Settings,设置,設定,設定,설정,Réglages,Ajustes,Impostazioni,Definições,Instellingen,Einstellungen,Settings,Ρυθμίσεις,การตั้งค่า,Cài đặt,Tetapan,Pengaturan,Postavke
Settings coming soon,Placeholder title,✅ Active,Settings coming soon,设置即将推出,設定即將推出,設定機能は近日公開予定,설정 곧 출시 예정,Réglages bientôt disponibles,Ajustes próximamente,Impostazioni in arrivo,Definições em breve,Instellingen binnenkort beschikbaar,Einstellungen demnächst verfügbar,Settings coming soon,Οι ρυθμίσεις έρχονται σύντομα,การตั้งค่าเร็ว ๆ นี้,Cài đặt sắp ra mắt,Tetapan akan datang,Pengaturan segera hadir,Postavke stižu uskoro
Share File,ShareLink label,❌ Missing,Share File,共享文件,共享檔案,ファイルを共有,파일 공유,Partager le fichier,Compartir archivo,Condividi file,Partilhar ficheiro,Deel bestand,Datei teilen,Share File,Κοινοποίηση αρχείου,แชร์ไฟล์,Chia sẻ tệp,Kongsi Fail,Bagikan File,Podijeli datoteku
Source Format,Dive detail field,✅ Active,Source Format,来源格式,來源格式,ソース形式,소스 형식,Format source,Formato de origen,Formato sorgente,Formato de origem,Bronformaat,Quellformat,Source Format,Μορφή προέλευσης,รูปแบบแหล่งที่มา,Định dạng nguồn,Format Sumber,Format Sumber,Izvorni format
Supported Formats,Import wizard section,✅ Active,Supported Formats,支持格式,支援格式,対応形式,지원 형식,Formats pris en charge,Formatos compatibles,Formati supportati,Formatos suportados,Ondersteunde formaten,Unterstützte Formate,Supported Formats,Υποστηριζόμενες μορφές,รูปแบบที่รองรับ,Định dạng hỗ trợ,Format Disokong,Format yang Didukung,Podržani formati
Switch to Calendar View,a11y label,✅ Active,Switch to Calendar View,切换至日历视图,切換至日曆檢視,カレンダービューに切り替え,달력 뷰로 전환,Passer à la vue calendrier,Cambiar a vista de calendario,Passa alla vista calendario,Mudar para Vista de Calendário,Schakel over naar kalenderweergave,Zur Kalenderansicht wechseln,Switch to Calendar View,Αλλαγή σε προβολή ημερολογίου,เปลี่ยนเป็นมุมมองปฏิทิน,Chuyển sang giao diện lịch,Tukar ke Paparan Kalendar,Beralih ke Tampilan Kalender,Prebaci na prikaz kalendara
Switch to Hybrid Map,a11y label,✅ Active,Switch to Hybrid Map,切换至卫星混合地图,切換至衛星混合地圖,ハイブリッドマップに切り替え,하이브리드 지도로 전환,Passer à la carte hybride,Cambiar a mapa híbrido,Passa alla mappa ibrida,Mudar para Mapa Híbrido,Schakel over naar hybride kaart,Zur Satellitenkarte wechseln,Switch to Hybrid Map,Αλλαγή σε υβριδικό χάρτη,เปลี่ยนเป็นแผนที่ไฮบริด,Chuyển sang bản đồ hỗn hợp,Tukar ke Peta Hibrid,Beralih ke Peta Hibrid,Prebaci na hibridnu kartu
Switch to List View,a11y label,✅ Active,Switch to List View,切换至列表视图,切換至清單檢視,リストビューに切り替え,목록 뷰로 전환,Passer à la vue liste,Cambiar a vista de lista,Passa alla vista elenco,Mudar para Vista de Lista,Schakel over naar lijstweergave,Zur Listenansicht wechseln,Switch to List View,Αλλαγή σε προβολή λίστας,เปลี่ยนเป็นมุมมองรายการ,Chuyển sang giao diện danh sách,Tukar ke Paparan Senarai,Beralih ke Tampilan Daftar,Prebaci na prikaz popisa
Switch to Standard Map,a11y label,✅ Active,Switch to Standard Map,切换至标准地图,切換至標準地圖,標準マップに切り替え,표준 지도로 전환,Passer à la carte standard,Cambiar a mapa estándar,Passa alla mappa standard,Mudar para Mapa Padrão,Schakel over naar standaardkaart,Zur Standardkarte wechseln,Switch to Standard Map,Αλλαγή σε τυπικό χάρτη,เปลี่ยนเป็นแผนที่มาตรฐาน,Chuyển sang bản đồ tiêu chuẩn,Tukar ke Peta Standard,Beralih ke Peta Standar,Prebaci na standardnu kartu
Try Again,Retry button,✅ Active,Try Again,重试,重試,もう一度お試しください,다시 시도,Réessayer,Reintentar,Riprova,Tentar novamente,Probeer opnieuw,Erneut versuchen,Try Again,Δοκιμάστε ξανά,ลองอีกครั้ง,Thử lại,Cuba Lagi,Coba Lagi,Pokušaj ponovno
UDDF (.uddf),Export format button,✅ Active,UDDF (.uddf),UDDF 格式 (.uddf),UDDF 格式 (.uddf),UDDF (.uddf),UDDF (.uddf),UDDF (.uddf),UDDF (.uddf),UDDF (.uddf),UDDF (.uddf),UDDF (.uddf),UDDF (.uddf),UDDF (.uddf),UDDF (.uddf),UDDF (.uddf),UDDF (.uddf),UDDF (.uddf),UDDF (.uddf),UDDF (.uddf)
Unknown Location,Fallback location name,✅ Active,Unknown Location,未知地点,未知地點,場所不明,알 수 없는 위치,Lieu inconnu,Ubicación desconocida,Posizione sconosciuta,Localização desconhecida,Onbekende locatie,Unbekannter Ort,Unknown Location,Άγνωστη τοποθεσία,ไม่ทราบสถานที่,Địa điểm không xác định,Lokasi Tidak Diketahui,Lokasi Tidak Diketahui,Nepoznata lokacija
Use the Import tab to add your dive computer logs.,Empty logbook description,✅ Active,Use the Import tab to add your dive computer logs.,前往「导入」标签页添加潜水电脑日志。,前往「匯入」標籤頁來新增潛水電腦日誌。,「取り込み」タブからダイビングコンピューターのログを追加してください。,가져오기 탭을 사용하여 다이빙 컴퓨터 로그를 추가하세요.,Utilisez l'onglet Importer pour ajouter les carnets de votre ordinateur.,Usa la pestaña Importar para añadir los diarios de tu ordenador de buceo.,Usa la scheda Importa per aggiungere i registri del tuo computer subacqueo.,Utilize o separador Importar para adicionar os registos do seu computador de mergulho.,Gebruik het tabblad Importeer om de logboeken van je duikcomputer toe te voegen.,"Verwenden Sie den Import-Tab, um Ihre Tauchcomputer-Logbücher hinzuzufügen.",Use the Import tab to add your dive computer logs.,Χρησιμοποιήστε την καρτέλα Εισαγωγή για να προσθέσετε καταγραφές από το καταδυτικό σας κομπιούτερ.,ใช้แท็บนำเข้าเพื่อเพิ่มบันทึกจากคอมพิวเตอร์ดำน้ำของคุณ,Sử dụng tab Nhập để thêm nhật ký máy tính lặn của bạn.,Gunakan tab Import untuk menambah log komputer selam anda.,Gunakan tab Impor untuk menambahkan logbook komputer selam Anda.,Upotrijebite karticu Uvoz za dodavanje zapisa s ronilačkog računala.
Version,Settings row label,✅ Active,Version,版本,版本,バージョン,버전,Version,Versión,Versione,Versão,Versie,Version,Version,Έκδοση,เวอร์ชัน,Phiên bản,Versi,Versi,Verzija
Version %@,a11y label,✅ Active,Version %@,版本 %1$@,版本 %1$@,バージョン %1$@,버전 %1$@,Version %1$@,Versión %1$@,Versione %1$@,Versão %1$@,Versie %1$@,Version %1$@,Version %1$@,Έκδοση %1$@,เวอร์ชัน %1$@,Phiên bản %1$@,Versi %1$@,Versi %1$@,Verzija %1$@
Water Temp,Dive detail field,✅ Active,Water Temp,水温,水溫,水温,수온,Temp. eau,Temp. agua,Temp. acqua,Temp. água,Watertemp.,Wassertemp.,Water Temp,Θερμ. νερού,อุณหภูมิน้ำ,Nhiệt độ nước,Suhu Air,Suhu Air,Temp. vode
Water Type,Picker label,✅ Active,Water Type,水域类型,水域類型,水の種類,수질 유형,Type d'eau,Tipo de agua,Tipo di acqua,Tipo de água,Watertype,Wasserart,Water Type,Τύπος νερού,ประเภทน้ำ,Loại nước,Jenis Air,Jenis Air,Vrsta vode
Deepest,Dive detail field,✅ Active,Deepest,最深,最深,最深,최고 수심,Le plus profond,Más profundo,Più profondo,Mais profundo,Diepste,Tiefste,Deepest,Βαθύτερη,ลึกที่สุด,Sâu nhất,Paling dalam,Terdalam,Najdublje
Dives,Header or label,✅ Active,Dives,潜水,潛水,ダイビング,다이빙,Plongées,Inmersiones,Immersioni,Mergulhos,Duiken,Tauchgänge,Dives,Καταδύσεις,ไดฟ์,Lần lặn,Selaman,Penyelaman,Uroni
No buddy recorded.,Empty state,✅ Active,No buddy recorded.,未记录潜伴。,未記錄潛伴。,バディが記録されていません。,기록된 버디가 없습니다.,Aucun binôme enregistré.,Ningún compañero registrado.,Nessun compagno registrato.,Nenhum dupla registado.,Geen buddy geregistreerd.,Kein Buddy erfasst.,No buddy recorded.,Δεν καταγράφηκε ζευγάρι.,ไม่ได้บันทึกคู่ดำน้ำ,Không có bạn lặn được ghi lại.,Tiada buddy direkodkan.,Tidak ada buddy yang dicatat.,Nije zabilježen partner.
No file selected,Empty state,✅ Active,No file selected,未选择文件,未選擇檔案,ファイルが選択されていません,선택된 파일 없음,Aucun fichier sélectionné,Ningún archivo seleccionado,Nessun file selezionato,Nenhum ficheiro selecionado,Geen bestand geselecteerd,Keine Datei ausgewählt,No file selected,Δεν επιλέχθηκε αρχείο,ไม่ได้เลือกไฟล์,Chưa chọn tệp,Tiada fail dipilih,Tidak ada file yang dipilih,Nije odabrana datoteka
One-time purchase. No subscription.,Settings footer,✅ Active,One-time purchase. No subscription.,一次性购买。无需订阅。,一次性購買。無需訂閱。,一回限りの購入。サブスクリプションなし。,일회성 구매. 구독 없음.,Achat unique. Sans abonnement.,Compra única. Sin suscripción.,Acquisto una tantum. Nessun abbonamento.,Compra única. Sem subscrição.,Eenmalige aankoop. Geen abonnement.,Einmaliger Kauf. Kein Abonnement.,One-time purchase. No subscription.,Αγορά μία φορά. Χωρίς συνδρομή.,ซื้อครั้งเดียว ไม่มีระบบสมาชิก,Mua một lần. Không cần đăng ký.,Pembelian sekali sahaja. Tiada langganan.,Pembelian sekali. Tanpa langganan.,Jednokratna kupnja. Bez pretplate.
Parsing…,Progress label,✅ Active,Parsing…,解析中…,解析中…,解析中…,파싱 중…,Analyse en cours…,Analizando…,Analisi in corso…,A analisar…,Analyseren…,Wird analysiert…,Parsing…,Ανάλυση…,กำลังประมวลผล…,Đang phân tích dữ liệu…,Sedang menghurai…,Mengurai…,Parsiranje…
Total Time,Dive detail field,✅ Active,Total Time,总时间,總時間,合計時間,총 시간,Temps total,Tiempo total,Tempo totale,Tempo total,Totale tijd,Gesamtzeit,Total Time,Συνολικός χρόνος,เวลาทั้งหมด,Tổng thời gian,Jumlah Masa,Total Waktu,Ukupno vrijeme
